Timestamp,Days_Since_Start,Solar_Panel_Efficiency,Data_Storage_Used,Debris_Risk_Level,Docking_Event,Temperature,Power_Consumption_Rate,Battery_Level,Component_Health,Battery_Health,Signal_Strength,CPU_GPU_Usage
2024-01-01 12:00:54.010449,0,56.22,17.59,3.36,0.0,-14.59,67.67,31.62,94.39,91.26,51.6,31.27
2024-01-01 13:13:33.065392,0,96.55,51.48,3.22,0.0,-11.41,61.42,67.17,94.32,91.23,73.23,37.42
2024-01-02 12:57:05.346121,1,81.24,82.93,9.16,0.0,-13.19,63.45,77.26,89.95,91.46,47.63,48.73
2024-01-03 02:14:33.494668,2,71.91,69.56,3.25,0.0,-5.97,71.83,89.74,96.87,90.28,66.34,51.25
2024-01-03 10:02:39.802249,2,40.92,76.62,3.45,0.0,11.6,45.64,40.73,98.72,90.7,58.31,16.83
2024-01-03 17:33:59.628658,2,40.92,62.58,7.83,0.0,-16.61,64.46,17.59,95.04,96.58,45.44,19.31
2024-01-03 23:36:04.145623,2,34.07,65.77,5.05,0.0,35.89,38.24,40.04,92.98,93.5,52.89,1.97
2024-01-04 13:05:36.960232,3,90.63,80.67,7.99,0.0,-10.68,26.61,74.17,92.48,97.61,70.3,22.31
2024-01-04 20:54:42.291103,3,72.08,23.72,1.59,0.0,-19.57,40.97,93.21,97.4,99.9,73.05,38.85
2024-01-05 02:40:34.505349,4,79.57,46.5,5.39,0.0,24.43,52.94,35.67,92.01,96.33,51.83,11.48
2024-01-05 13:20:58.180807,4,31.44,21.01,1.3,0.0,-26.83,47.58,50.2,96.77,90.46,66.8,28.6
2024-01-05 13:47:33.668887,4,97.89,93.83,1.56,0.0,23.44,71.34,56.8,92.29,90.83,66.95,24.4
2024-01-06 07:50:23.897315,5,88.27,89.69,9.16,0.0,24.71,47.17,49.24,84.07,98.52,49.76,17.52
2024-01-06 09:16:23.758934,5,44.86,3.75,2.25,0.0,-12.99,43.92,55.4,90.27,95.22,65.46,21.74
2024-01-06 09:46:54.706421,5,42.73,67.03,5.79,0.0,-32.48,16.58,61.11,90.47,98.2,49.17,1.79
2024-01-06 23:20:26.107805,5,42.84,87.9,4.7,0.0,-1.99,44.57,49.05,86.14,98.52,61.9,15.44
2024-01-07 04:02:15.712822,6,51.3,17.15,4.13,0.0,-20.34,58.47,67.88,85.66,99.22,64.16,18.48
2024-01-07 05:25:14.633226,6,66.73,53.95,9.1,0.0,-26.5,21.29,81.4,91.16,99.44,65.72,0.0
2024-01-07 16:54:42.169049,6,60.24,86.97,1.2,0.0,-12.29,33.36,41.51,85.99,95.49,47.41,9.27
2024-01-08 07:17:08.779454,7,50.39,3.22,6.97,0.0,-9.87,34.03,96.25,88.09,93.34,72.91,22.42
2024-01-08 08:18:21.382168,7,72.83,66.25,9.67,0.0,6.9,30.63,86.49,94.18,99.55,61.64,27.55
2024-01-09 15:41:51.948809,8,39.76,28.25,6.04,0.0,24.02,55.37,71.3,98.19,95.19,60.26,29.31
2024-01-09 16:26:59.863138,8,50.45,87.82,9.43,0.0,13.6,32.29,43.89,93.82,90.56,53.18,5.16
2024-01-09 19:53:27.642648,8,55.65,92.25,1.47,0.0,-15.21,57.43,23.57,99.53,96.35,53.58,11.29
2024-01-09 22:20:44.136672,8,61.92,89.71,4.77,0.0,-12.06,68.1,22.69,94.46,95.8,47.58,10.78
2024-01-10 02:26:59.955846,9,84.96,45.05,3.34,0.0,40.85,57.64,46.84,88.19,97.83,66.77,23.74
2024-01-10 13:54:12.750468,9,43.98,81.89,7.58,0.0,20.45,78.56,38.85,93.49,96.42,43.61,40.46
2024-01-10 14:23:46.838443,9,66.0,80.23,9.83,0.0,39.0,55.94,92.64,93.07,92.45,74.11,39.16
2024-01-10 15:32:14.577755,9,71.47,30.31,3.31,0.0,-0.12,52.19,62.77,89.84,99.57,72.91,17.57
2024-01-10 22:44:07.497342,9,33.25,78.75,6.89,0.0,25.02,83.06,29.71,83.82,97.68,41.98,27.3
2024-01-12 18:44:56.339098,11,72.53,3.52,2.78,0.0,8.67,39.03,77.94,94.9,96.19,80.98,30.01
2024-01-13 12:46:19.148688,12,41.94,56.65,6.09,0.0,0.84,71.97,20.97,84.01,92.81,39.14,20.74
2024-01-13 13:13:11.453438,12,34.55,21.85,5.18,0.0,2.11,27.88,73.84,93.34,93.62,60.14,14.27
2024-01-14 04:32:10.058310,13,96.42,11.45,9.75,0.0,9.56,52.31,75.03,85.4,96.57,69.04,36.78
2024-01-16 01:59:33.550170,15,97.59,7.31,6.48,0.0,-19.1,30.08,99.71,92.07,90.57,77.46,11.33
2024-01-16 15:04:49.399513,15,86.59,66.15,4.15,0.0,-2.05,71.77,92.75,91.61,92.42,84.8,57.0
2024-01-16 21:13:11.548027,15,51.32,32.29,2.03,0.0,34.61,59.08,45.62,84.39,96.26,55.63,27.42
2024-01-16 22:47:42.962307,15,36.84,68.85,2.36,0.0,45.74,66.39,51.77,89.23,93.36,64.03,50.4
2024-01-17 00:05:36.081621,16,77.9,6.21,3.03,0.0,-2.72,49.56,95.84,93.28,93.86,74.55,24.99
2024-01-17 12:07:04.099893,16,60.81,29.95,3.26,0.0,-7.01,45.95,84.55,96.95,91.35,72.98,30.26
2024-01-17 15:38:40.861058,16,38.54,51.25,8.66,0.0,-19.84,19.4,71.26,96.47,94.26,51.0,6.32
2024-01-17 19:12:11.815642,16,64.66,75.12,6.05,0.0,22.48,49.4,96.66,90.92,97.42,82.87,38.93
2024-01-18 03:53:14.346562,17,32.41,30.28,5.71,0.0,1.0,68.52,18.62,94.65,92.47,37.24,22.51
2024-01-18 09:15:59.479376,17,93.65,59.46,2.03,0.0,47.57,57.64,98.42,88.53,88.51,93.49,46.01
2024-01-18 11:55:30.842682,17,48.11,84.17,8.74,0.0,0.03,66.93,24.47,88.25,96.52,29.71,24.81
2024-01-18 15:37:49.968256,17,76.38,58.51,7.51,0.0,5.64,74.32,59.64,86.28,99.56,53.32,40.32
2024-01-19 02:22:09.373664,18,51.82,22.13,1.61,0.0,16.75,51.6,88.16,92.96,95.89,89.31,17.58
2024-01-19 05:02:51.473932,18,66.4,2.32,7.37,0.0,35.72,61.96,45.61,87.78,90.23,50.43,23.89
2024-01-19 16:12:35.575520,18,68.27,82.66,5.89,0.0,2.71,33.67,75.67,84.94,93.03,68.17,9.62
2024-01-19 18:52:00.334153,18,42.94,2.02,1.74,0.0,-0.94,26.68,59.65,94.78,98.5,68.67,0.68
2024-01-20 05:09:39.424612,19,97.87,83.1,5.12,0.0,44.23,36.18,100.0,93.86,90.92,88.59,27.55
2024-01-20 05:32:43.475209,19,84.26,50.25,5.36,0.0,-28.19,52.19,87.39,89.18,95.89,69.45,27.02
2024-01-20 22:58:37.096959,19,95.76,89.21,2.49,0.0,40.72,56.6,83.52,85.03,92.8,77.61,38.5
2024-01-21 00:27:25.344962,20,92.64,75.88,9.51,0.0,-17.49,54.0,76.45,89.33,91.88,45.17,26.24
2024-01-21 03:05:58.020644,20,71.85,94.8,8.65,0.0,33.13,58.05,88.1,89.5,97.28,72.13,31.71
2024-01-22 21:31:30.540887,21,94.53,33.32,7.02,0.0,17.64,44.42,71.22,93.46,97.22,66.73,35.96
2024-01-23 09:34:07.668868,22,36.19,72.88,5.16,0.0,-0.52,58.4,50.38,88.52,96.4,47.17,31.59
2024-01-23 09:34:17.647311,22,43.72,38.18,4.71,0.0,43.01,72.42,63.92,93.58,90.99,56.74,49.04
2024-01-23 10:11:43.893400,22,33.17,45.59,6.86,0.0,-34.79,14.18,57.83,96.52,90.76,50.12,0.0
2024-01-24 11:52:54.143701,23,52.77,59.61,5.91,0.0,-15.38,30.3,42.58,87.2,95.53,49.73,0.0
2024-01-24 14:15:08.367409,23,57.21,83.0,1.56,0.0,17.91,58.68,29.11,99.19,95.31,49.04,22.07
2024-01-24 18:24:37.246476,23,48.99,93.49,5.61,0.0,-3.24,40.68,39.56,89.49,91.65,48.72,23.98
2024-01-24 20:40:59.514399,23,88.01,72.99,8.26,0.0,20.78,69.22,86.34,87.17,90.29,76.34,40.78
2024-01-25 00:15:25.240527,24,54.97,39.69,5.13,0.0,-29.91,36.19,64.4,90.1,90.57,60.92,15.99
2024-01-25 18:33:34.411142,24,49.67,40.03,1.47,0.0,-21.99,42.38,75.29,85.93,99.69,73.01,20.18
2024-01-26 03:26:15.451362,25,67.99,70.07,8.08,0.0,-23.93,27.5,71.79,85.07,97.59,69.27,8.76
2024-01-26 14:48:52.890915,25,39.86,22.68,2.81,0.0,-17.76,32.93,47.31,90.45,98.97,59.31,5.88
2024-01-26 15:22:00.570073,25,86.15,10.5,3.33,0.0,8.01,61.17,59.01,95.57,91.7,59.48,32.32
2024-01-27 03:01:50.231600,26,35.22,33.69,2.48,0.0,29.37,51.27,76.04,97.67,98.88,77.12,23.52
2024-01-27 12:14:09.563051,26,99.08,27.29,3.97,0.0,45.73,75.02,75.56,93.35,89.88,60.04,52.89
2024-01-27 14:47:19.909827,26,84.06,28.15,7.81,0.0,41.06,80.82,85.17,84.33,93.78,72.46,53.73
2024-01-27 23:33:51.579322,26,43.91,22.19,5.67,0.0,-13.75,52.0,68.15,93.74,98.04,54.35,17.52
2024-01-28 17:43:29.630204,27,30.39,4.0,2.84,0.0,8.39,65.35,51.29,93.75,93.23,51.98,31.22
2024-01-29 12:43:13.040346,28,87.08,1.7,8.9,0.0,-16.36,41.22,80.23,95.08,93.97,60.66,15.97
2024-01-29 23:32:58.993848,28,79.48,93.83,8.92,0.0,-9.86,48.3,97.28,95.37,91.0,76.99,37.41
2024-01-30 18:36:34.247278,29,81.03,40.64,8.84,0.0,12.84,66.83,80.15,96.02,90.94,58.64,41.88
2024-01-31 09:17:24.142281,30,83.99,36.51,3.15,0.0,-25.92,35.75,45.22,90.34,95.9,63.08,1.9
2024-02-01 04:07:55.566056,31,35.18,64.57,5.06,0.0,-11.48,53.54,55.09,94.21,96.45,56.43,18.73
2024-02-01 05:55:27.045148,31,55.09,20.73,9.86,0.0,41.05,43.9,83.14,86.32,96.41,64.76,32.01
2024-02-01 07:17:45.428772,31,38.11,90.25,7.95,0.0,8.49,59.23,72.24,98.15,95.26,56.19,30.06
2024-02-01 23:01:10.791039,31,90.42,74.7,1.24,0.0,9.97,70.51,42.88,87.13,96.15,66.66,41.7
2024-02-02 06:42:41.703512,32,73.63,8.49,1.59,0.0,-24.41,69.36,78.82,84.58,89.82,82.31,47.83
2024-02-02 08:33:44.645639,32,53.16,39.67,5.18,0.0,-7.52,69.03,84.17,85.94,91.3,72.49,44.92
2024-02-02 12:24:25.715078,32,34.45,83.52,9.18,0.0,42.25,64.76,28.57,94.03,98.42,35.63,22.85
2024-02-03 08:11:59.404929,33,51.77,89.75,5.85,0.0,-16.13,54.34,82.29,90.27,90.43,68.95,40.72
2024-02-03 15:44:53.784770,33,52.76,44.4,5.48,0.0,4.23,54.05,30.75,90.35,96.46,58.57,26.9
2024-02-03 19:18:55.547666,33,81.07,58.27,1.95,0.0,-33.25,21.79,58.03,98.67,91.43,56.7,0.0
2024-02-04 08:21:25.421611,34,74.63,15.87,6.91,0.0,7.59,45.46,47.87,97.14,96.83,47.6,17.52
2024-02-04 10:10:39.344512,34,92.1,94.16,8.4,0.0,-28.91,42.1,48.35,87.72,96.72,51.33,24.24
2024-02-05 07:03:45.324809,35,63.06,22.01,4.42,0.0,41.07,84.46,67.12,86.49,90.94,54.25,47.45
2024-02-05 22:49:49.121526,35,38.37,89.56,7.98,0.0,35.16,44.73,31.11,95.55,91.59,41.77,6.89
2024-02-05 22:49:59.683095,35,79.93,61.72,9.68,0.0,33.61,59.01,52.8,96.12,95.52,52.31,16.26
2024-02-06 02:23:33.395362,36,83.25,57.73,2.83,0.0,-6.93,47.3,48.74,92.27,93.54,45.55,14.35
2024-02-06 11:10:11.339453,36,69.29,48.71,5.71,0.0,38.62,63.98,50.87,92.6,90.65,45.74,38.06
2024-02-06 15:44:31.675083,36,83.97,21.91,3.58,0.0,16.42,64.78,34.87,87.85,96.96,43.77,20.16
2024-02-06 22:16:31.133352,36,64.57,16.77,8.14,0.0,-3.39,37.53,83.64,95.1,91.18,60.99,6.57
2024-02-07 13:16:08.940364,37,66.59,20.95,6.2,0.0,20.37,52.65,39.11,92.95,98.17,38.97,23.15
2024-02-08 00:26:42.108061,38,59.93,17.71,6.71,0.0,-25.1,69.29,71.05,90.91,94.77,61.29,46.3
2024-02-08 04:37:33.892754,38,31.78,74.06,8.18,0.0,-19.01,46.08,75.58,83.96,90.68,54.68,26.04
2024-02-08 06:51:28.547398,38,37.55,33.26,4.56,0.0,26.72,39.45,35.22,97.47,96.22,38.83,8.62
2024-02-09 02:25:59.165553,39,32.2,5.5,9.24,0.0,-8.61,58.14,74.68,92.07,94.8,62.91,37.75
2024-02-09 06:03:42.964384,39,74.55,92.06,5.8,0.0,21.73,71.47,33.15,86.42,92.5,41.94,18.55
2024-02-09 07:21:23.920605,39,52.0,83.96,2.42,0.0,-4.43,27.53,58.82,93.3,93.84,69.85,9.41
2024-02-09 13:41:13.603214,39,65.6,88.14,7.26,0.0,41.71,69.69,28.66,92.9,91.51,41.44,26.89
2024-02-09 18:19:37.485190,39,93.53,94.52,8.14,0.0,50.05,80.48,51.13,90.2,90.74,57.35,46.42
2024-02-09 18:31:59.980023,39,47.45,16.52,3.85,0.0,40.22,58.9,62.94,94.23,90.23,72.24,23.24
2024-02-10 00:45:51.434826,40,58.73,37.64,8.71,0.0,-2.55,79.49,62.61,91.66,93.23,56.39,31.89
2024-02-10 03:05:13.968568,40,82.89,72.03,9.16,0.0,-11.03,64.86,55.58,97.07,92.11,48.27,27.38
2024-02-10 07:24:17.899472,40,46.02,66.12,3.49,0.0,11.24,67.77,64.67,84.79,96.43,69.38,42.3
2024-02-10 15:03:57.314757,40,35.39,14.62,9.85,0.0,-26.44,55.05,35.01,84.3,96.44,34.09,6.6
2024-02-10 19:48:14.743236,40,50.28,77.5,2.27,0.0,-32.13,28.65,86.38,86.83,94.62,77.26,19.03
2024-02-11 16:41:18.579714,41,41.29,21.32,2.82,0.0,10.87,30.74,51.87,94.46,97.37,65.46,18.11
2024-02-12 07:13:54.872928,42,95.08,21.26,2.66,0.0,11.2,51.03,52.66,93.82,97.99,56.76,21.66
2024-02-12 08:02:02.360954,42,86.57,51.01,9.05,0.0,46.73,44.51,59.09,95.58,94.04,56.09,19.31
2024-02-12 08:49:21.949863,42,74.34,56.33,6.89,0.0,-14.87,43.08,48.66,94.28,95.77,56.18,14.38
2024-02-12 10:48:05.502123,42,91.0,55.11,2.37,0.0,-4.69,73.04,58.52,91.82,92.41,62.69,31.79
2024-02-12 20:58:57.891471,42,86.26,8.69,4.96,0.0,-17.02,71.91,82.21,98.55,98.53,68.76,40.18
2024-02-12 23:08:21.633605,42,43.06,83.36,6.54,0.0,44.96,61.78,28.69,86.75,88.57,47.54,16.9
2024-02-13 03:19:05.057002,43,92.48,25.23,1.75,0.0,36.52,81.42,72.27,96.46,92.23,79.68,49.45
2024-02-13 06:12:06.566096,43,67.75,12.3,8.94,0.0,39.19,76.94,64.28,88.84,95.83,46.95,40.6
2024-02-13 09:11:33.075998,43,86.52,84.43,8.23,0.0,41.37,56.09,95.5,92.25,89.3,77.27,33.8
2024-02-13 13:12:46.756106,43,92.73,90.79,5.55,0.0,8.4,33.69,64.25,94.46,91.4,69.15,15.01
2024-02-14 09:33:43.553383,44,52.26,81.9,9.7,0.0,6.27,56.78,57.97,92.21,95.45,45.02,22.12
2024-02-15 01:40:51.549354,45,37.7,76.9,4.76,0.0,-0.73,67.35,72.65,85.8,95.15,69.38,40.67
2024-02-15 22:49:31.173549,45,45.96,62.25,9.86,0.0,16.37,47.69,70.81,89.31,96.94,44.28,31.36
2024-02-15 23:15:51.261040,45,59.9,52.33,7.01,0.0,8.34,57.33,48.99,91.66,97.68,54.58,33.95
2024-02-15 23:46:20.191045,45,87.26,8.26,6.71,0.0,1.26,26.57,58.94,96.03,90.84,46.65,7.72
2024-02-16 02:42:40.007501,46,90.25,38.8,2.49,0.0,47.93,71.05,45.66,90.1,88.33,62.19,34.53
2024-02-16 03:32:36.682613,46,30.49,35.41,8.94,0.0,52.48,75.01,49.32,95.8,94.81,49.24,34.83
2024-02-16 16:57:24.068482,46,65.75,24.68,4.85,0.0,36.2,74.44,74.52,89.93,91.74,73.34,33.36
2024-02-16 21:08:00.414812,46,59.22,68.72,2.46,0.0,36.15,78.92,29.01,92.04,94.99,43.43,41.22
2024-02-16 22:53:40.918175,46,45.55,47.11,1.11,0.0,28.36,75.86,55.49,96.25,90.63,60.81,32.1
2024-02-18 13:07:24.500819,48,38.39,7.7,6.04,0.0,-11.88,71.49,43.44,92.15,94.21,57.58,30.71
2024-02-18 19:22:34.237931,48,53.63,20.92,5.75,0.0,-20.07,71.08,50.61,97.87,94.56,43.13,38.72
2024-02-18 22:55:39.259282,48,96.0,64.91,7.47,0.0,28.87,73.7,76.62,92.91,94.93,63.48,52.89
2024-02-18 23:22:40.016142,48,52.62,7.23,9.01,0.0,30.39,70.1,74.99,90.49,94.13,56.29,33.11
2024-02-19 06:02:19.574440,49,66.32,80.86,1.71,0.0,-32.17,12.32,71.52,84.62,94.47,62.88,6.07
2024-02-19 12:09:55.505599,49,79.21,47.04,7.58,0.0,43.83,62.63,94.36,88.73,91.65,71.02,53.27
2024-02-19 12:13:46.174984,49,55.45,45.66,2.69,0.0,-21.85,48.47,43.06,88.56,90.22,60.87,14.01
2024-02-20 08:53:46.577759,50,98.02,56.28,8.72,0.0,-9.48,38.67,57.86,94.08,90.4,45.29,5.67
2024-02-20 15:28:46.850354,50,97.37,78.34,8.37,0.0,21.61,44.22,63.02,86.05,93.76,62.62,21.93
2024-02-21 01:55:41.931393,51,47.62,33.04,5.87,0.0,-10.88,68.45,20.31,86.5,93.05,27.27,28.75
2024-02-21 05:23:36.124372,51,64.81,64.41,7.39,0.0,-20.87,67.97,35.94,85.96,94.65,32.5,24.64
2024-02-21 09:05:13.836561,51,51.06,53.74,3.83,0.0,0.68,68.36,29.4,85.71,92.54,52.33,6.88
2024-02-21 15:20:01.035748,51,49.94,25.37,5.24,0.0,30.15,52.41,80.86,88.05,95.86,74.17,29.17
2024-02-22 01:31:27.098125,52,32.58,83.47,8.39,0.0,-2.74,20.5,46.5,96.19,98.12,37.21,2.11
2024-02-22 08:51:08.985182,52,72.67,75.76,5.13,0.0,17.2,34.07,95.07,95.18,92.47,82.31,27.1
2024-02-22 15:51:26.462069,52,65.19,62.55,4.22,0.0,14.12,40.11,44.75,94.77,91.41,59.67,8.34
2024-02-23 02:20:00.778943,53,33.6,80.81,5.45,0.0,-34.03,19.7,92.05,95.45,90.63,76.07,7.66
2024-02-23 07:29:16.273459,53,49.51,82.39,8.45,0.0,43.29,35.53,89.09,86.38,94.47,59.56,11.64
2024-02-24 02:59:23.478403,54,93.58,67.29,4.02,0.0,-21.69,68.29,29.67,97.08,93.9,44.72,30.55
2024-02-24 03:06:08.878795,54,46.77,79.52,2.56,0.0,49.9,74.32,68.47,85.37,89.85,62.77,42.89
2024-02-24 05:06:50.786598,54,40.14,66.26,7.41,0.0,11.7,40.92,66.46,88.13,95.99,48.94,22.86
2024-02-24 14:13:02.541337,54,64.26,64.61,8.43,0.0,42.64,42.51,91.63,91.15,89.81,71.15,36.36
2024-02-24 16:15:52.862759,54,99.0,58.77,1.91,0.0,-20.68,49.43,72.64,85.73,95.0,61.83,21.41
2024-02-25 00:53:30.522051,55,46.94,71.51,3.16,0.0,3.3,23.11,79.44,94.88,94.72,73.47,20.65
2024-02-25 15:42:58.765029,55,77.05,15.07,2.28,0.0,-11.18,80.47,72.08,89.91,96.79,63.86,50.4
2024-02-25 23:13:00.902327,55,83.31,83.68,4.13,0.0,-26.94,37.35,66.19,95.5,90.0,61.97,11.48
2024-02-25 23:40:27.381053,55,46.63,82.83,5.05,0.0,18.23,49.64,32.2,90.94,98.33,40.0,9.13
2024-02-26 10:03:32.001543,56,80.98,2.78,7.74,0.0,-14.69,48.09,92.77,85.72,96.47,79.64,22.13
2024-02-26 21:09:21.542004,56,55.74,78.45,6.86,0.0,11.85,27.3,69.98,94.2,91.6,61.61,4.33
2024-02-26 22:43:33.267164,56,74.26,12.24,6.59,0.0,-19.35,56.83,62.94,87.02,91.27,63.38,19.83
2024-02-28 00:26:32.209041,58,74.35,31.84,4.17,0.0,-0.65,61.56,27.25,91.06,93.74,35.07,14.03
2024-02-28 17:07:29.204313,58,67.5,70.63,8.57,0.0,34.64,66.27,61.13,83.67,96.86,44.3,45.03
2024-02-29 05:38:24.930365,59,36.32,15.27,5.24,0.0,0.63,38.54,99.74,92.75,97.84,67.95,18.24
2024-02-29 18:44:35.606926,59,88.47,77.71,9.81,0.0,21.17,61.26,56.18,92.55,94.56,39.33,30.79
2024-02-29 21:21:35.313137,59,52.45,79.05,6.71,0.0,22.63,62.92,52.84,88.87,97.89,48.76,18.32
2024-03-01 10:05:28.351113,60,43.06,48.21,2.14,0.0,41.92,77.03,56.54,97.9,88.36,70.09,46.94
2024-03-02 20:52:20.885699,61,32.85,0.61,7.09,0.0,-5.46,45.54,76.89,96.21,89.74,75.02,22.45
2024-03-02 21:26:31.244534,61,71.36,27.27,3.93,0.0,23.44,44.88,66.31,94.35,98.34,58.12,31.35
2024-03-03 20:21:43.436945,62,77.43,58.61,7.18,0.0,48.35,62.64,55.52,93.07,95.72,60.85,31.87
2024-03-03 23:31:45.538369,62,31.16,93.21,1.63,0.0,30.02,65.5,77.52,87.81,93.39,88.04,49.43
2024-03-04 01:51:31.420665,63,65.85,60.02,2.57,0.0,8.82,52.12,79.94,93.83,96.91,80.31,18.77
2024-03-04 11:46:18.435755,63,45.85,24.68,8.7,0.0,19.77,47.93,37.8,85.73,98.93,36.17,16.41
2024-03-05 03:37:23.215076,64,75.16,60.23,3.04,0.0,29.1,52.22,39.62,85.92,96.63,59.41,15.72
2024-03-05 06:01:31.785733,64,42.21,51.3,8.53,0.0,23.31,75.69,43.66,97.77,97.62,40.15,28.33
2024-03-05 11:22:34.156343,64,78.37,74.09,3.51,0.0,-29.13,43.05,55.35,93.12,96.97,64.22,6.53
2024-03-05 18:38:06.394827,64,57.07,10.16,6.79,0.0,-9.14,74.96,36.18,89.6,91.04,40.98,27.06
2024-03-05 19:00:15.718847,64,95.57,72.3,7.25,0.0,34.89,63.81,92.92,87.06,96.95,76.75,37.65
2024-03-06 22:32:37.187391,65,39.63,51.42,5.61,0.0,-2.8,68.61,18.37,92.42,91.3,36.1,17.31
2024-03-07 13:44:49.567050,66,53.87,91.48,3.75,0.0,32.52,76.38,63.75,84.24,97.64,72.27,40.3
2024-03-07 23:24:01.512968,66,37.94,32.48,2.91,0.0,-1.88,39.96,45.28,85.31,93.93,56.0,17.09
2024-03-08 05:16:13.535687,67,94.73,60.1,1.3,0.0,16.11,78.77,75.31,84.7,96.1,81.14,50.21
2024-03-08 06:12:16.160742,67,91.41,88.54,3.74,0.0,-29.24,30.17,95.92,91.2,94.3,93.2,24.14
2024-03-08 14:26:53.049072,67,48.06,9.74,6.88,0.0,-10.4,68.57,15.2,92.1,90.27,45.55,21.2
2024-03-09 12:04:24.925411,68,76.2,89.04,9.44,0.0,48.16,68.42,61.69,82.81,90.82,51.67,36.43
2024-03-09 20:22:33.032515,68,87.21,65.35,8.84,0.0,35.86,28.07,64.55,93.18,98.36,47.86,21.36
2024-03-10 01:05:22.066354,69,68.86,6.44,7.89,0.0,23.91,65.88,83.87,86.33,98.72,58.7,50.26
2024-03-10 08:51:29.701730,69,67.08,28.59,8.1,0.0,12.46,79.35,72.26,93.11,92.51,61.93,50.69
2024-03-10 19:12:34.760575,69,46.93,67.28,6.98,0.0,18.9,29.95,62.94,97.78,99.27,67.96,10.84
2024-03-11 07:41:32.012213,70,36.52,6.4,3.34,0.0,20.15,57.64,50.38,94.14,97.75,54.64,24.55
2024-03-11 19:08:45.532326,70,92.81,55.31,9.16,0.0,18.46,65.01,54.65,95.85,95.41,56.33,41.8
2024-03-12 23:03:58.584408,71,93.03,32.86,7.04,1.0,-21.54,68.5,75.13,100.0,94.69,63.77,40.19
2024-03-13 05:28:58.817253,72,74.32,58.99,6.04,0.0,19.59,48.77,59.1,90.52,98.29,64.02,20.76
2024-03-13 08:31:39.221655,72,53.73,4.35,2.0,0.0,27.96,40.36,55.82,94.47,94.46,71.55,15.72
2024-03-13 13:03:21.362543,72,54.44,82.8,5.02,0.0,44.03,30.41,71.67,95.63,96.76,69.98,20.52
2024-03-13 14:08:45.430937,72,80.82,92.48,5.14,0.0,-28.16,49.95,38.34,88.74,97.62,48.58,23.52
2024-03-14 00:58:45.851621,73,92.8,92.04,8.78,0.0,27.85,59.13,91.76,86.5,97.21,63.02,43.42
2024-03-14 13:56:13.673746,73,92.1,71.22,5.92,0.0,21.13,76.21,27.42,97.43,96.2,35.78,20.32
2024-03-14 18:10:15.159199,73,84.59,12.36,4.42,0.0,-0.55,29.63,91.38,94.43,92.18,71.84,20.93
2024-03-14 20:23:13.535199,73,74.94,72.04,9.79,0.0,-17.57,58.45,45.26,85.75,92.63,37.96,30.83
2024-03-16 06:44:52.695534,75,35.89,2.34,2.0,0.0,-2.97,18.56,54.21,90.74,92.33,52.53,0.0
2024-03-17 01:37:50.473634,76,41.31,2.1,4.8,0.0,-5.59,31.47,77.58,95.38,89.44,70.96,7.98
2024-03-17 18:08:00.011428,76,92.9,30.74,1.38,0.0,-6.33,53.2,100.0,92.32,95.07,88.91,43.92
2024-03-17 18:29:59.207744,76,72.45,46.42,7.66,0.0,27.93,60.45,81.83,92.52,95.83,79.08,32.53
2024-03-18 03:20:00.614997,77,30.64,73.19,9.26,0.0,28.29,61.55,33.98,93.74,97.35,25.58,28.04
2024-03-18 15:54:43.565736,77,37.1,64.91,3.52,0.0,22.04,73.07,27.04,93.01,90.53,41.82,35.94
2024-03-18 17:41:22.527278,77,76.45,42.36,8.73,0.0,46.76,73.76,84.98,90.09,93.33,56.64,44.86
2024-03-19 09:25:12.122950,78,30.35,25.99,3.63,0.0,3.43,76.35,36.56,94.89,89.3,42.1,42.28
2024-03-19 11:29:16.291551,78,41.26,94.73,9.2,0.0,-5.92,71.57,20.33,93.45,90.17,31.26,30.55
2024-03-19 16:08:28.444761,78,68.41,40.49,7.79,0.0,23.49,65.55,86.28,92.27,89.59,60.22,39.29
2024-03-19 18:52:35.049092,78,78.43,42.88,8.24,0.0,-10.09,71.34,72.41,88.12,96.47,54.17,48.22
2024-03-20 08:43:05.411106,79,75.64,15.54,1.16,0.0,-3.09,63.0,94.39,90.22,90.02,91.66,33.96
2024-03-20 22:11:19.314945,79,45.7,75.51,9.67,0.0,-17.09,26.27,93.1,96.99,96.37,60.24,13.31
2024-03-20 22:48:57.555062,79,79.85,65.9,7.54,0.0,-21.58,62.32,85.63,84.55,91.71,59.3,26.28
2024-03-21 01:33:58.325905,80,46.61,20.97,3.74,0.0,31.34,29.91,45.08,87.45,97.41,43.73,5.64
2024-03-21 02:10:48.593830,80,52.78,7.83,8.46,0.0,-8.51,52.29,36.29,90.05,97.33,38.13,7.28
2024-03-22 00:33:01.264850,81,82.25,64.65,3.53,0.0,10.27,67.19,66.11,96.2,98.77,63.42,40.04
2024-03-22 03:00:34.587034,81,75.47,62.18,8.85,0.0,-31.74,22.5,79.87,85.04,98.03,58.27,12.39
2024-03-22 04:22:40.495462,81,89.45,25.96,2.01,0.0,22.72,44.77,73.86,88.1,98.39,61.25,27.78
2024-03-22 22:10:43.815880,81,76.03,90.33,7.33,0.0,1.43,71.5,51.33,83.87,97.78,40.97,47.99
2024-03-22 22:26:43.837648,81,69.78,14.35,5.87,0.0,30.97,59.61,59.64,93.59,95.58,50.8,36.43
2024-03-23 06:19:21.074415,82,36.56,41.07,1.87,0.0,-0.05,34.96,69.13,87.54,90.88,64.75,18.48
2024-03-23 13:49:08.437456,82,55.74,89.64,3.18,0.0,-12.05,55.03,26.71,89.54,91.9,58.37,17.12
2024-03-23 17:42:26.277953,82,48.56,39.87,1.11,0.0,12.22,53.66,43.4,90.78,91.31,59.64,33.29
2024-03-23 17:42:59.249742,82,47.08,60.66,5.22,0.0,-19.54,50.22,59.59,96.67,95.22,55.5,4.35
2024-03-23 19:10:01.830401,82,98.11,37.77,3.71,0.0,10.96,81.61,74.22,89.77,94.22,82.1,37.54
2024-03-23 21:11:31.386400,82,57.52,26.05,6.39,0.0,-2.41,56.02,35.49,85.25,97.85,51.17,19.07
2024-03-23 21:29:30.007595,82,92.44,93.48,3.68,0.0,41.46,55.11,78.6,90.98,97.63,76.47,32.75
2024-03-25 00:52:43.326287,84,74.18,38.89,3.7,0.0,-21.52,67.17,77.21,98.03,93.21,77.24,41.14
2024-03-25 03:27:51.366575,84,85.64,84.94,7.69,0.0,30.14,79.71,55.91,91.75,93.72,47.78,38.13
2024-03-26 10:47:36.941398,85,65.18,21.85,1.43,0.0,-19.88,22.89,43.48,98.78,98.87,49.92,4.17
2024-03-27 11:56:55.152893,86,70.38,20.24,9.13,0.0,-8.07,33.71,71.24,95.1,91.9,65.08,6.11
2024-03-27 16:22:53.331083,86,64.48,2.96,8.67,0.0,-0.16,30.84,58.53,83.12,97.06,56.56,0.45
2024-03-28 02:20:47.528324,87,43.67,61.91,7.01,0.0,44.94,72.05,78.46,92.18,90.14,64.0,41.85
2024-03-28 19:57:05.629406,87,80.57,35.01,6.34,0.0,-9.36,50.73,41.78,87.34,95.94,50.3,12.57
2024-03-29 04:23:26.038118,88,49.65,82.11,9.03,0.0,-21.27,58.99,65.05,90.88,91.66,59.93,16.22
2024-03-29 09:39:19.731001,88,31.7,44.95,2.67,0.0,0.78,73.0,12.97,87.95,97.96,51.83,16.75
2024-03-29 17:23:52.098089,88,75.18,91.98,1.71,0.0,-18.31,62.27,56.44,89.19,94.73,76.95,24.62
2024-03-30 05:45:04.029638,89,42.4,17.62,3.16,0.0,-24.18,25.72,70.87,97.5,90.97,72.03,4.03
2024-03-30 14:54:43.183911,89,95.83,82.52,8.15,0.0,14.08,44.47,66.92,85.76,91.35,58.31,18.06
2024-03-30 16:40:17.762968,89,96.78,73.78,1.31,0.0,-25.9,48.77,77.17,97.14,94.05,77.98,29.3
2024-03-30 18:33:05.950172,89,94.04,73.24,6.25,0.0,-28.77,39.84,53.84,83.5,98.73,61.41,3.99
2024-03-31 02:42:39.350323,90,55.91,80.25,9.96,0.0,29.18,62.57,46.39,83.53,96.34,37.0,32.62
2024-03-31 04:10:24.593654,90,31.08,72.3,8.7,0.0,3.63,73.55,44.93,95.36,93.98,37.58,32.69
2024-03-31 06:45:17.242693,90,94.98,59.49,5.69,0.0,-22.3,33.35,66.96,92.6,92.48,70.8,24.02
2024-04-01 02:02:11.752952,91,59.97,12.47,1.57,0.0,-9.09,55.93,85.88,95.17,94.58,86.68,22.17
2024-04-01 07:48:45.115104,91,97.67,3.09,8.48,0.0,24.84,72.01,71.83,85.72,96.33,56.5,43.69
2024-04-01 10:58:31.588138,91,97.45,87.48,6.39,0.0,-8.96,42.41,69.49,91.05,96.93,54.27,33.54
2024-04-01 22:37:59.267307,91,89.71,58.58,2.03,0.0,5.58,34.79,54.12,94.92,92.34,59.3,17.3
2024-04-02 15:00:41.609245,92,50.61,75.67,1.84,0.0,-20.56,45.82,63.97,93.3,96.29,71.85,32.29
2024-04-02 19:51:40.768718,92,56.96,45.74,9.19,0.0,11.71,29.09,91.02,89.5,95.66,52.79,22.94
2024-04-02 23:05:19.399778,92,89.58,11.14,7.02,0.0,0.59,71.59,45.65,97.26,98.67,42.31,38.48
2024-04-03 09:04:43.906433,93,52.18,11.89,8.46,0.0,15.06,32.0,94.07,92.71,98.38,73.57,16.22
2024-04-03 16:46:57.473566,93,41.86,65.13,8.91,0.0,33.93,50.01,49.46,95.82,96.27,43.53,17.05
2024-04-04 05:50:01.912325,94,68.98,40.88,6.15,0.0,19.29,60.84,82.12,93.97,96.29,60.59,41.29
2024-04-04 11:48:10.774921,94,95.53,19.05,5.66,0.0,-0.52,73.92,32.32,94.15,91.8,46.23,25.12
2024-04-04 12:28:36.728312,94,78.72,46.7,4.87,0.0,-13.55,33.3,99.42,84.47,97.52,83.78,19.11
2024-04-04 16:03:42.065609,94,69.9,6.1,3.85,0.0,-8.43,26.9,78.72,88.87,93.34,66.58,19.89
2024-04-05 03:00:34.973027,95,36.8,55.29,4.91,0.0,-22.73,16.75,53.93,96.13,91.77,67.27,0.0
2024-04-05 09:07:11.678360,95,73.05,25.55,7.96,0.0,-19.64,23.21,64.46,86.14,92.89,52.76,6.61
2024-04-05 10:04:56.852332,95,99.3,75.77,6.42,0.0,29.74,39.38,79.79,84.55,96.92,73.15,26.66
2024-04-05 18:55:18.493278,95,39.81,29.48,9.03,0.0,2.35,63.6,81.9,87.33,90.54,57.36,39.91
2024-04-05 19:19:45.394772,95,66.28,43.25,4.99,0.0,1.52,31.13,57.36,86.55,93.61,47.07,0.0
2024-04-05 22:45:33.843228,95,91.42,1.1,6.46,0.0,11.77,26.31,64.78,96.83,93.97,62.23,8.22
2024-04-06 00:25:40.399706,96,81.85,6.88,6.68,0.0,21.09,76.25,66.92,95.92,89.35,56.45,36.93
2024-04-06 06:24:56.598566,96,78.79,37.29,6.33,0.0,-26.22,41.94,72.01,90.46,91.0,74.37,21.87
2024-04-06 06:42:44.262745,96,79.17,45.59,7.32,0.0,34.77,49.86,75.25,83.39,96.57,73.91,13.03
2024-04-06 08:04:31.380506,96,55.16,57.0,3.14,0.0,-18.18,38.22,78.07,94.32,97.35,66.92,18.05
2024-04-06 12:21:01.609605,96,50.55,27.71,5.61,0.0,33.55,81.21,34.4,92.2,91.29,51.89,49.85
2024-04-06 14:10:58.500978,96,86.66,66.02,1.94,0.0,27.86,44.16,100.0,98.32,97.4,80.49,22.56
2024-04-06 18:59:55.625263,96,86.71,81.71,4.46,0.0,31.97,81.63,56.5,91.52,96.16,51.94,30.75
2024-04-07 04:17:32.875555,97,90.7,74.09,5.39,0.0,19.64,64.47,43.43,88.19,93.21,58.28,38.38
2024-04-07 08:21:37.641152,97,93.93,3.76,6.87,0.0,-33.91,23.85,100.0,90.64,96.51,70.65,31.2
2024-04-07 12:16:43.012525,97,65.79,45.65,9.55,0.0,4.67,78.35,57.55,97.0,98.64,52.77,41.04
2024-04-07 16:49:18.437606,97,65.11,9.97,6.41,0.0,15.64,41.06,63.59,93.39,93.62,45.21,13.53
2024-04-08 21:18:31.885609,98,85.88,22.99,7.69,0.0,-3.82,29.1,95.04,92.76,91.4,61.87,27.12
2024-04-09 23:37:09.737573,99,75.5,93.73,5.56,0.0,43.03,74.33,39.92,86.17,97.28,49.04,33.45
2024-04-10 10:03:41.844944,100,79.14,13.54,6.71,0.0,-2.82,65.9,58.8,94.01,95.04,56.41,16.43
2024-04-10 10:15:11.742145,100,85.71,47.39,1.64,0.0,-5.11,63.76,90.3,95.13,90.05,76.36,42.93
2024-04-11 08:15:28.298889,101,92.3,58.72,3.29,0.0,-12.85,30.79,62.34,88.29,94.72,55.65,0.0
2024-04-12 05:16:31.970889,102,53.66,66.73,4.26,0.0,-3.64,46.58,51.22,90.59,93.99,69.56,15.87
2024-04-13 02:30:39.890054,103,56.29,53.17,5.25,0.0,17.96,66.86,71.74,87.54,97.53,70.15,33.81
2024-04-13 09:30:38.705758,103,36.58,0.93,1.41,0.0,24.2,46.63,89.49,87.77,94.07,83.38,33.66
2024-04-13 15:25:35.027788,103,70.48,31.01,2.26,0.0,20.75,41.3,68.31,84.11,91.49,75.31,5.62
2024-04-13 18:56:43.673599,103,32.52,49.18,3.49,0.0,28.66,23.25,69.34,87.65,95.29,65.08,12.08
2024-04-14 15:37:08.695374,104,62.59,8.35,9.74,0.0,36.96,42.22,76.9,90.17,93.54,62.4,16.79
2024-04-14 19:07:54.933260,104,67.99,33.31,3.98,0.0,39.79,81.05,81.63,82.95,90.3,60.66,46.09
2024-04-14 22:41:43.862721,104,50.06,3.15,5.34,0.0,-29.18,44.18,84.33,87.35,94.7,76.1,26.43
2024-04-15 09:18:36.795956,105,71.36,7.46,2.76,0.0,34.68,80.59,35.52,96.54,96.43,61.02,35.74
2024-04-15 23:22:36.645522,105,32.14,37.71,6.5,0.0,-14.58,44.37,55.53,91.77,89.24,49.64,14.11
2024-04-16 00:49:22.780045,106,32.61,12.61,3.53,0.0,-16.78,58.38,43.97,92.56,95.25,45.74,30.73
2024-04-17 07:12:36.907928,107,87.58,53.92,2.86,0.0,18.46,47.84,94.82,89.62,92.43,74.32,33.74
2024-04-17 23:01:20.201671,107,55.21,65.5,5.65,0.0,-6.05,42.63,71.27,93.16,91.86,68.78,22.47
2024-04-17 23:19:56.528838,107,38.89,76.06,1.05,0.0,-29.14,26.37,75.71,86.78,92.86,76.78,18.89
2024-04-19 04:08:34.131056,109,66.56,19.01,1.07,0.0,-20.82,41.56,100.0,96.2,92.33,84.01,20.08
2024-04-19 07:42:07.248029,109,83.9,15.91,2.97,0.0,-29.36,46.09,43.62,85.28,97.23,62.05,13.89
2024-04-19 09:34:45.702848,109,45.11,9.93,1.33,0.0,48.16,83.49,27.54,93.01,90.25,60.43,33.62
2024-04-19 12:40:47.389596,109,73.6,60.46,1.97,0.0,-26.06,56.76,56.65,88.85,96.24,62.17,25.11
2024-04-19 18:51:08.768920,109,35.97,67.12,4.05,0.0,-16.85,30.25,57.3,94.53,89.85,58.51,5.77
2024-04-20 20:04:38.197034,110,33.62,3.0,8.22,0.0,-2.16,21.81,38.9,90.72,98.41,53.95,4.59
2024-04-22 04:55:15.389473,112,67.19,88.94,6.15,0.0,-5.96,24.5,48.96,89.66,95.1,63.94,10.86
2024-04-22 08:08:48.632010,112,67.84,4.94,5.61,0.0,43.69,67.51,75.62,84.96,94.76,70.87,32.26
2024-04-22 10:37:56.483599,112,74.62,51.42,3.64,0.0,-23.59,69.81,82.94,92.93,91.86,80.18,35.3
2024-04-23 00:27:31.559243,113,80.83,67.36,9.39,0.0,16.26,78.29,59.54,96.84,92.99,54.95,32.73
2024-04-23 01:08:57.293877,113,98.31,82.74,4.57,0.0,18.63,27.84,86.51,95.57,91.11,76.33,24.7
2024-04-23 08:34:33.898495,113,66.14,67.84,1.78,0.0,44.81,54.35,49.26,84.05,96.95,64.1,22.34
2024-04-23 20:24:51.291956,113,52.61,76.16,6.55,0.0,19.28,55.13,77.94,88.43,93.75,68.08,39.1
2024-04-24 04:41:31.088203,114,85.66,32.25,2.02,0.0,36.17,70.13,78.1,97.23,94.36,76.06,48.77
2024-04-25 04:27:21.613172,115,48.96,77.41,4.11,0.0,-22.59,49.8,63.03,90.8,96.19,63.44,14.11
2024-04-25 08:51:10.414373,115,60.73,7.61,5.57,0.0,3.12,60.03,42.74,92.9,92.56,41.67,31.1
2024-04-25 10:21:31.237980,115,35.49,85.01,8.87,0.0,1.81,52.69,30.9,96.0,96.05,40.25,16.75
2024-04-25 20:59:05.453695,115,31.77,52.02,5.44,0.0,36.31,32.66,41.84,95.76,94.79,51.79,1.72
2024-04-25 23:51:59.230290,115,97.39,77.64,7.32,0.0,-14.29,66.82,70.14,90.14,95.91,64.76,32.31
2024-04-26 22:46:15.557386,116,88.52,42.97,9.94,0.0,-22.37,30.91,100.0,88.65,93.73,80.65,23.73
2024-04-27 03:18:49.970659,117,78.72,61.14,2.18,0.0,-1.33,66.4,85.98,88.72,92.66,80.82,37.02
2024-04-27 17:35:01.442952,117,58.63,50.01,3.47,0.0,-26.65,37.71,61.95,94.15,91.05,69.96,17.91
2024-04-28 05:10:34.947563,118,42.13,69.5,4.55,0.0,-15.24,52.77,73.12,87.45,97.07,64.25,17.35
2024-04-28 08:39:12.927890,118,40.95,7.75,4.8,0.0,52.06,83.77,71.66,86.03,93.3,65.88,58.08
2024-04-28 11:05:32.637606,118,47.52,5.73,4.7,0.0,8.93,72.06,31.97,88.46,93.26,42.52,27.97
2024-04-28 12:10:59.197818,118,68.45,23.47,9.17,0.0,24.38,69.46,49.25,84.88,98.04,42.03,35.56
2024-04-28 21:49:14.734542,118,80.02,15.16,7.43,0.0,28.21,60.21,95.56,92.9,88.89,71.67,35.31
2024-04-29 03:59:29.081169,119,76.21,82.82,6.47,0.0,2.19,64.59,53.15,92.0,97.31,53.9,36.01
2024-04-29 11:33:39.261899,119,49.6,20.83,3.78,0.0,-18.07,49.92,83.57,90.53,98.79,68.29,20.85
2024-04-29 12:05:01.350570,119,96.84,92.71,8.41,0.0,-9.04,74.06,94.6,88.22,97.68,67.53,57.48
2024-04-29 14:14:28.103373,119,81.65,32.01,9.6,0.0,-6.11,47.38,83.42,95.76,96.91,73.76,23.45
2024-04-29 15:43:30.673363,119,68.8,17.3,8.39,0.0,26.53,84.55,71.94,82.76,92.23,52.78,59.3
2024-04-30 01:54:57.048147,120,72.82,75.02,1.01,0.0,7.05,79.81,67.01,95.37,91.11,66.84,38.25
2024-04-30 07:02:22.926664,120,59.37,62.58,6.73,0.0,-26.56,61.13,71.15,96.22,96.15,68.44,33.02
2024-04-30 12:41:24.193442,120,47.34,47.33,1.46,0.0,9.23,39.39,55.34,90.44,91.85,59.8,12.23
2024-04-30 16:49:17.874411,120,54.92,52.76,3.32,0.0,39.3,31.87,45.29,91.21,89.6,48.13,4.98
2024-05-01 01:06:46.176358,121,83.05,68.32,1.54,0.0,39.22,78.16,48.84,97.47,95.69,62.53,44.16
2024-05-01 01:13:05.748742,121,31.01,21.7,6.43,0.0,32.0,36.26,73.74,85.72,91.32,72.15,2.4
2024-05-01 05:54:43.642868,121,38.13,94.65,7.18,0.0,37.86,71.3,19.92,90.01,97.04,39.21,29.04
2024-05-01 11:01:44.891478,121,33.22,92.61,2.03,0.0,-4.21,45.77,27.93,90.75,97.2,49.59,3.85
2024-05-01 14:33:05.969713,121,32.85,61.78,4.45,0.0,30.09,45.45,34.21,86.86,96.76,42.08,22.57
2024-05-01 16:10:17.098388,121,89.88,18.96,5.11,0.0,-13.71,72.15,73.39,95.29,96.51,73.04,55.1
2024-05-01 22:14:09.275856,121,79.26,64.62,4.32,0.0,23.86,69.44,93.13,96.66,97.41,90.99,54.56
2024-05-02 19:44:42.255002,122,63.19,6.86,2.09,0.0,22.24,63.5,91.98,95.34,96.73,78.5,46.0
2024-05-04 03:55:17.254056,124,36.85,2.91,4.77,0.0,-27.25,49.68,55.54,85.98,94.79,60.24,16.39
2024-05-04 04:00:24.757481,124,64.41,24.48,7.76,0.0,31.49,48.21,89.06,83.56,91.14,68.52,31.86
2024-05-04 10:22:51.679621,124,63.14,43.95,1.64,0.0,45.69,79.52,69.52,92.14,96.36,63.47,37.84
2024-05-05 00:02:44.800998,125,42.12,82.49,1.72,0.0,-11.57,39.97,62.23,84.51,97.16,78.23,26.97
2024-05-05 13:00:18.423690,125,60.37,69.08,4.19,0.0,40.26,85.34,57.71,92.8,92.47,53.15,43.38
2024-05-05 18:05:56.021801,125,57.9,70.56,9.48,0.0,-18.68,69.28,30.92,90.06,89.14,37.61,32.39
2024-05-05 19:32:13.481101,125,73.11,40.42,7.02,0.0,16.05,48.48,95.28,92.54,95.14,72.03,38.67
2024-05-06 03:35:45.330413,126,74.46,32.86,7.11,0.0,11.61,65.61,49.84,91.42,89.25,63.46,46.19
2024-05-06 07:49:43.718738,126,33.17,35.25,4.26,0.0,14.55,56.89,49.25,89.48,98.0,57.09,13.16
2024-05-06 10:33:31.014935,126,56.22,93.83,6.34,0.0,42.15,49.11,77.11,85.22,97.25,73.22,27.4
2024-05-06 10:38:20.045225,126,73.81,3.81,1.09,0.0,45.57,84.7,41.15,87.74,89.36,65.66,31.45
2024-05-06 14:57:29.100876,126,65.22,82.37,6.72,0.0,27.11,25.31,61.77,90.45,95.15,58.91,6.65
2024-05-07 02:19:16.935333,127,89.95,54.97,9.22,0.0,-11.07,37.28,88.06,91.92,89.65,60.76,25.31
2024-05-07 13:24:05.720189,127,76.11,41.67,6.51,0.0,43.19,57.56,42.21,93.83,94.87,32.95,31.14
2024-05-07 21:52:26.083246,127,41.41,68.9,8.86,0.0,-21.94,46.3,70.12,93.72,92.2,69.88,22.88
2024-05-07 22:27:33.817832,127,34.94,46.23,7.52,0.0,39.33,63.51,53.07,96.64,94.57,54.49,27.97
2024-05-08 11:33:59.090823,128,74.97,82.98,2.09,0.0,-0.73,63.43,65.49,87.85,92.45,74.48,29.05
2024-05-08 16:22:44.928871,128,31.86,85.57,9.12,0.0,-24.22,53.96,56.57,83.22,90.18,46.09,24.0
2024-05-08 22:18:33.166714,128,71.0,40.06,1.6,0.0,24.75,61.83,63.57,88.84,92.54,73.75,42.7
2024-05-09 05:04:40.519693,129,95.82,26.3,5.81,0.0,-16.86,27.03,94.36,93.96,89.84,64.46,12.23
2024-05-09 06:28:14.457501,129,70.28,56.27,2.28,0.0,-12.0,44.02,76.67,90.08,94.48,70.25,34.0
2024-05-09 08:31:44.673145,129,57.17,86.67,1.11,0.0,-8.73,34.85,85.52,96.01,89.12,72.43,13.77
2024-05-09 11:16:25.672069,129,75.03,20.01,4.8,0.0,-27.72,36.57,88.25,91.25,93.98,71.67,23.09
2024-05-09 14:05:15.807121,129,62.08,59.18,3.66,0.0,-15.18,59.37,84.41,97.18,97.57,84.8,45.93
2024-05-09 23:34:17.175970,129,68.19,60.0,5.37,0.0,-33.19,26.45,57.29,97.11,97.09,65.69,4.96
2024-05-10 00:21:17.433847,130,95.9,69.65,6.19,0.0,3.16,39.17,74.14,83.76,97.53,75.04,19.03
2024-05-10 11:12:47.102710,130,57.03,12.5,1.39,0.0,-26.41,35.08,95.96,90.53,97.92,99.53,24.88
2024-05-10 14:39:33.265389,130,97.28,68.0,2.11,0.0,29.99,82.06,53.21,92.53,89.25,62.3,38.53
2024-05-11 02:44:44.608125,131,93.37,86.36,6.03,0.0,-5.81,72.42,39.76,86.58,89.98,46.95,29.51
2024-05-11 04:16:12.889554,131,43.71,17.07,4.09,0.0,46.81,63.7,58.42,88.59,92.92,66.79,36.23
2024-05-11 07:12:52.586131,131,34.86,22.57,7.56,0.0,44.79,80.15,25.05,92.01,96.39,44.56,25.69
2024-05-11 17:45:06.657087,131,37.05,92.28,6.87,0.0,-3.41,63.74,29.15,85.98,98.43,31.62,30.81
2024-05-11 18:40:20.489431,131,31.28,17.19,8.61,0.0,33.74,64.69,80.31,91.0,88.47,62.27,35.5
2024-05-12 09:33:37.357100,132,36.61,81.17,7.23,0.0,28.34,27.54,74.18,92.86,91.82,70.87,4.85
2024-05-12 10:02:42.932425,132,77.81,46.77,4.87,0.0,52.2,74.14,48.07,83.51,89.2,46.96,45.52
2024-05-13 00:12:09.301637,133,34.98,23.49,7.06,0.0,20.26,70.18,80.38,89.99,96.22,50.79,37.62
2024-05-13 00:32:52.487237,133,52.33,82.72,3.48,0.0,-22.06,60.26,86.93,87.19,95.07,66.74,30.44
2024-05-13 12:07:42.503281,133,89.14,42.3,3.76,0.0,24.87,69.67,61.63,94.05,89.63,50.22,34.59
2024-05-13 15:11:58.663708,133,31.63,48.91,8.1,0.0,20.15,49.77,41.88,85.16,93.5,35.62,28.57
2024-05-14 01:09:02.725414,134,87.01,34.13,5.02,0.0,23.52,69.51,87.7,96.31,95.34,72.28,29.44
2024-05-14 04:58:13.691659,134,49.73,56.33,8.19,0.0,-0.21,74.96,62.25,88.76,96.45,58.32,43.78
2024-05-14 08:11:24.415346,134,38.27,15.53,8.4,0.0,37.28,48.09,66.9,84.85,88.0,49.54,12.38
2024-05-14 12:16:55.567398,134,78.77,37.15,8.72,0.0,49.26,78.08,86.44,88.03,96.1,67.7,39.45
2024-05-14 14:22:49.093287,134,74.03,92.09,9.25,0.0,-12.87,51.67,77.46,88.21,94.35,53.55,23.79
2024-05-15 06:39:51.827361,135,91.42,24.52,4.88,0.0,-20.86,52.22,56.33,89.38,96.77,57.22,25.81
2024-05-16 07:02:59.722285,136,81.45,62.39,3.87,0.0,-11.28,66.97,68.62,91.92,96.72,61.97,44.67
2024-05-16 13:53:32.074897,136,86.24,30.89,6.24,0.0,30.19,29.6,75.8,90.33,90.03,71.99,0.46
2024-05-16 14:00:45.715648,136,49.74,73.48,4.34,0.0,25.89,64.45,69.35,85.26,89.45,64.82,46.11
2024-05-16 23:42:47.294498,136,42.42,12.43,6.41,0.0,17.6,34.2,70.92,83.61,95.85,61.3,18.36
2024-05-17 00:25:48.182339,137,82.54,92.13,7.35,0.0,4.18,58.41,40.02,93.38,90.19,41.02,31.57
2024-05-17 16:38:37.170148,137,86.48,43.11,7.2,0.0,15.85,53.46,71.92,90.86,97.13,56.18,34.87
2024-05-17 18:33:57.491322,137,99.34,22.42,4.37,0.0,-2.09,63.96,60.75,88.41,95.89,67.88,35.65
2024-05-18 00:56:11.605202,138,58.88,6.98,2.5,0.0,3.66,32.48,66.4,95.52,97.04,81.12,0.0
2024-05-18 02:54:45.836103,138,56.04,16.13,4.87,0.0,34.96,66.28,63.14,88.44,90.86,74.49,35.77
2024-05-18 05:10:21.098002,138,84.35,49.38,2.28,0.0,45.84,43.83,68.38,94.75,90.49,62.37,19.17
2024-05-18 19:09:50.222686,138,53.86,32.02,9.01,0.0,48.83,83.11,66.09,85.97,93.89,52.61,37.57
2024-05-19 08:31:23.385253,139,95.15,78.74,4.11,0.0,49.85,79.99,33.83,83.41,87.43,40.54,32.81
2024-05-19 11:16:51.334968,139,90.09,40.93,2.39,0.0,8.13,84.93,68.19,97.4,95.87,72.27,38.84
2024-05-19 12:23:06.325189,139,60.03,23.63,1.23,0.0,11.06,69.29,75.59,89.56,96.97,84.34,39.04
2024-05-19 15:57:49.336392,139,82.56,58.63,6.81,0.0,29.5,73.03,71.64,94.28,92.29,51.82,30.93
2024-05-20 00:54:30.982765,140,82.82,67.14,6.73,0.0,40.36,40.62,77.48,86.26,95.23,60.07,16.83
2024-05-20 01:32:40.443545,140,37.22,15.87,4.07,0.0,-20.61,39.93,88.71,92.76,90.35,71.33,27.32
2024-05-20 03:04:18.699148,140,93.18,15.92,1.65,0.0,-6.07,44.03,60.19,96.65,91.82,73.96,18.77
2024-05-20 09:36:21.818879,140,65.37,3.48,4.69,0.0,-15.58,57.14,30.69,83.57,98.34,55.69,12.53
2024-05-20 16:35:55.932852,140,87.85,69.96,3.8,0.0,23.94,76.3,53.02,95.58,98.27,56.15,35.23
2024-05-21 03:18:30.995036,141,52.4,63.06,7.09,0.0,-9.23,25.05,40.76,91.02,93.72,40.92,0.47
2024-05-21 03:42:02.735937,141,92.69,45.09,6.45,0.0,1.16,80.68,90.91,91.69,97.93,64.16,57.23
2024-05-21 10:26:46.607926,141,57.24,80.2,4.28,0.0,-21.98,52.04,39.33,90.86,93.82,50.92,19.56
2024-05-21 12:04:23.811039,141,30.76,76.54,2.96,0.0,-0.69,59.03,72.13,96.4,91.51,66.05,20.69
2024-05-21 17:58:52.732253,141,93.38,55.61,9.89,0.0,35.4,46.34,98.05,82.23,90.49,79.69,25.29
2024-05-21 18:24:15.246066,141,36.39,82.49,5.09,0.0,-16.69,18.29,57.35,86.77,97.89,55.03,4.72
2024-05-21 18:54:07.792752,141,52.35,19.55,7.19,0.0,26.44,59.9,67.16,95.53,89.99,64.72,34.8
2024-05-21 19:29:19.355674,141,96.5,10.63,2.26,0.0,22.19,60.13,40.79,94.7,94.28,57.47,20.38
2024-05-21 20:15:42.680857,141,96.54,25.63,5.37,0.0,35.61,41.67,80.12,82.74,93.36,71.68,26.42
2024-05-22 03:37:29.579814,142,70.14,5.42,1.25,0.0,-18.74,42.1,32.31,91.37,95.98,54.4,4.09
2024-05-22 21:11:48.261465,142,74.23,50.46,5.55,0.0,52.49,81.83,79.15,89.87,91.95,64.63,65.66
2024-05-22 22:06:37.997333,142,61.39,88.98,9.68,0.0,20.63,80.42,80.61,87.94,91.27,56.52,36.28
2024-05-23 20:54:56.334750,143,50.52,3.74,4.46,0.0,54.77,81.68,28.69,86.53,88.53,40.88,42.96
2024-05-24 06:47:49.241466,144,53.01,11.6,1.35,0.0,41.31,47.13,42.26,93.31,93.7,53.78,12.91
2024-05-24 12:59:18.259731,144,77.08,42.96,1.28,0.0,-14.46,37.62,90.49,86.71,95.75,80.35,13.91
2024-05-24 14:29:05.784226,144,82.67,88.72,4.49,0.0,-22.51,61.19,49.07,94.93,94.26,63.41,22.5
2024-05-24 16:04:25.339582,144,85.41,30.03,2.44,0.0,-10.38,48.44,97.01,95.41,95.94,82.79,37.46
2024-05-25 01:07:52.470252,145,85.27,48.19,1.21,0.0,7.26,28.76,85.12,89.83,89.97,89.25,19.13
2024-05-25 04:57:10.132418,145,36.38,3.95,7.81,0.0,-18.88,31.24,56.77,86.53,97.37,50.82,7.1
2024-05-25 19:03:49.241017,145,64.61,14.09,5.13,0.0,-17.58,47.89,86.43,87.07,94.37,69.82,38.47
2024-05-26 01:24:56.284191,146,34.03,93.73,3.6,0.0,4.52,38.98,59.37,90.35,89.81,72.87,10.57
2024-05-26 15:43:47.948753,146,68.47,91.69,9.1,0.0,-29.35,42.73,95.74,92.81,93.16,77.98,17.88
2024-05-26 17:41:20.041735,146,60.91,0.47,2.05,0.0,-22.72,42.03,95.49,88.81,96.99,92.29,16.7
2024-05-27 06:47:58.559042,147,92.14,90.42,9.6,0.0,-2.23,22.25,61.32,91.05,97.51,55.76,4.76
2024-05-27 08:34:25.446840,147,54.56,60.72,3.83,0.0,-23.3,50.03,27.33,88.8,91.18,47.99,27.03
2024-05-27 11:10:11.330445,147,38.19,82.45,9.0,0.0,2.91,59.77,82.82,86.59,95.64,65.31,34.22
2024-05-27 12:08:06.133130,147,40.01,43.2,6.43,0.0,9.76,61.29,76.01,82.91,89.53,72.19,50.05
2024-05-27 13:43:24.832221,147,83.31,48.98,8.44,0.0,2.41,29.05,49.91,82.19,88.87,54.46,23.22
2024-05-27 23:09:29.007412,147,73.28,46.44,9.86,0.0,37.08,49.22,90.51,84.9,93.28,65.01,33.09
2024-05-28 02:46:22.223592,148,37.08,63.35,3.6,0.0,13.84,58.54,51.03,89.19,95.47,48.07,39.98
2024-05-28 07:45:14.049951,148,35.89,13.27,9.65,0.0,8.63,54.72,39.84,94.65,96.48,39.16,17.73
2024-05-28 19:25:26.843995,148,79.07,2.85,4.51,0.0,2.93,56.12,90.36,94.89,91.92,67.81,36.29
2024-05-29 02:56:42.055699,149,35.09,29.25,4.47,0.0,33.61,42.93,42.58,86.66,87.89,44.31,4.09
2024-05-29 17:44:53.002209,149,87.53,66.94,4.06,0.0,46.56,91.3,84.79,86.02,91.98,80.27,48.97
2024-05-29 19:22:21.116950,149,79.44,19.18,5.87,0.0,36.34,46.97,54.27,85.7,87.85,46.43,7.32
2024-05-29 19:49:48.290040,149,35.69,63.98,2.39,0.0,23.35,51.32,64.29,88.42,89.26,68.17,24.89
2024-05-29 20:18:10.205455,149,35.94,92.14,5.98,0.0,-16.87,55.42,31.53,90.08,91.78,35.45,26.02
2024-05-30 02:47:16.028804,150,99.06,8.92,5.88,0.0,-7.33,52.75,79.96,89.2,92.87,71.15,19.55
2024-05-30 11:42:31.613870,150,56.2,63.9,7.86,0.0,-28.15,39.46,74.62,85.5,91.29,62.45,11.45
2024-05-30 20:54:44.345560,150,55.94,42.16,8.5,0.0,43.69,52.66,45.7,83.5,93.13,51.79,8.06
2024-05-31 09:33:40.937562,151,86.9,82.47,4.96,1.0,26.4,74.36,63.79,90.95,93.72,73.53,36.74
2024-05-31 12:48:41.001227,151,96.31,16.83,3.72,1.0,27.05,42.15,78.81,93.3,94.58,70.67,32.55
2024-05-31 20:18:26.232551,151,99.02,65.8,3.33,1.0,-9.37,33.65,62.67,100.0,100.0,50.61,0.0
2024-06-01 08:11:59.924356,152,82.74,79.62,2.75,0.0,35.41,52.9,89.15,86.58,89.13,79.3,30.84
2024-06-02 13:58:08.412697,153,56.34,89.74,1.52,0.0,-5.04,72.1,42.38,90.5,94.87,52.93,13.58
2024-06-03 05:13:16.897184,154,35.85,64.91,4.08,0.0,-34.8,21.58,72.01,91.82,89.01,74.68,8.08
2024-06-04 01:26:48.667937,155,84.4,47.23,3.43,0.0,6.01,81.13,57.62,96.38,92.52,61.51,31.68
2024-06-04 23:55:01.638938,155,69.09,58.7,9.7,0.0,16.15,56.69,65.4,95.15,90.22,48.89,27.42
2024-06-05 10:35:03.367533,156,59.7,82.55,6.02,0.0,14.11,75.74,24.65,93.73,89.54,50.74,37.42
2024-06-06 00:05:36.286645,157,93.44,54.21,4.13,0.0,44.23,85.18,52.86,82.87,92.89,49.61,43.81
2024-06-07 07:46:57.615928,158,37.78,2.89,6.22,0.0,-22.13,41.61,53.55,91.12,97.7,42.5,7.52
2024-06-07 13:00:45.875269,158,64.48,88.44,2.25,0.0,10.69,39.87,93.67,95.08,88.97,69.04,29.95
2024-06-07 17:18:01.122001,158,30.79,65.51,5.0,0.0,7.02,34.44,85.88,83.0,92.64,77.04,14.27
2024-06-08 05:12:21.605578,159,62.81,64.27,6.64,0.0,-10.61,36.25,76.45,90.65,95.49,59.1,15.98
2024-06-08 10:01:07.716147,159,33.94,20.49,5.4,0.0,38.3,67.19,23.38,95.12,92.12,40.64,28.53
2024-06-08 11:16:21.062858,159,38.32,62.59,4.62,0.0,27.5,39.49,45.81,89.84,96.1,55.35,12.17
2024-06-09 17:46:56.008810,160,38.23,37.42,9.94,0.0,26.73,44.34,42.67,81.74,89.86,50.11,4.04
2024-06-09 19:17:02.165734,160,75.44,61.87,8.92,0.0,39.48,51.15,42.84,81.67,97.02,32.63,24.4
2024-06-10 02:17:17.127581,161,82.22,10.13,6.61,0.0,32.78,76.95,47.92,88.41,91.6,43.42,46.23
2024-06-10 08:46:11.462089,161,70.84,62.5,6.12,0.0,-15.18,32.72,58.62,84.81,91.81,59.43,15.91
2024-06-10 19:04:11.716306,161,97.35,94.94,6.59,0.0,20.51,27.7,74.04,92.36,97.11,50.92,8.08
2024-06-11 01:56:46.268059,162,56.24,4.58,2.81,0.0,-10.66,20.48,49.18,93.77,94.02,59.54,0.0
2024-06-11 10:33:51.872801,162,50.0,92.83,4.56,0.0,-5.77,69.22,17.97,85.46,93.54,45.94,29.72
2024-06-11 23:04:30.455660,162,90.8,38.66,1.36,0.0,-22.39,51.35,44.72,96.76,95.65,47.12,13.05
2024-06-12 13:35:12.257271,163,45.65,82.72,5.28,0.0,26.8,40.28,45.23,89.21,93.83,46.67,10.57
2024-06-12 13:46:46.950246,163,97.43,74.33,5.89,0.0,23.01,38.53,81.91,84.66,89.84,75.61,28.57
2024-06-12 19:34:09.135014,163,30.85,53.87,3.05,0.0,-13.71,37.5,61.53,94.55,95.11,57.64,5.93
2024-06-13 14:54:07.452853,164,97.89,70.15,9.68,0.0,25.33,35.71,67.83,93.59,89.43,45.17,16.99
2024-06-13 16:38:56.177776,164,33.02,83.46,9.19,0.0,48.73,84.75,36.59,90.73,94.98,32.75,31.73
2024-06-13 21:51:32.380482,164,92.38,38.39,7.5,0.0,-17.95,61.15,57.14,94.99,98.26,43.54,33.3
2024-06-14 07:24:59.815216,165,66.94,31.07,5.8,0.0,-11.84,40.53,47.4,93.58,92.12,56.21,22.69
2024-06-15 01:05:40.080207,166,99.51,63.42,8.83,0.0,34.4,74.94,32.92,94.86,92.07,37.4,22.16
2024-06-16 01:01:17.664191,167,35.17,76.75,2.18,0.0,-11.05,34.29,66.29,89.74,88.79,70.97,21.24
2024-06-16 13:42:15.116460,167,68.77,72.42,8.11,0.0,22.58,66.72,72.88,93.26,88.34,54.21,36.7
2024-06-17 12:09:10.592157,168,97.85,75.79,2.12,0.0,-19.23,64.99,47.72,98.23,97.53,60.74,18.33
2024-06-17 13:00:43.982423,168,66.62,41.38,8.15,0.0,4.46,39.35,48.72,92.9,89.61,50.57,8.13
2024-06-17 13:54:23.136598,168,74.06,77.69,3.48,0.0,32.22,77.56,80.55,84.46,92.17,72.82,52.75
2024-06-17 15:13:29.197141,168,78.7,11.42,8.89,0.0,22.46,41.36,59.17,89.65,96.35,57.15,17.68
2024-06-17 15:36:33.442291,168,61.82,51.73,9.5,0.0,32.79,40.01,55.22,90.33,96.57,37.23,15.76
2024-06-17 21:27:30.327192,168,73.93,0.55,2.34,0.0,35.48,38.87,100.0,85.49,92.74,81.94,31.5
2024-06-18 06:19:57.749997,169,70.9,30.84,5.16,0.0,31.14,56.32,86.78,96.87,93.4,75.25,38.42
2024-06-18 19:04:46.245977,169,93.08,34.81,9.83,0.0,26.48,67.24,62.36,84.27,94.68,49.85,39.32
2024-06-18 21:57:14.476308,169,33.18,37.64,5.35,0.0,-22.18,71.73,41.41,85.24,97.92,48.02,29.44
2024-06-19 17:07:27.759136,170,49.67,66.07,8.77,0.0,14.04,58.49,39.34,95.61,94.33,41.92,19.64
2024-06-20 00:53:40.325206,171,96.53,36.91,6.3,0.0,-22.63,64.64,33.7,89.35,93.88,55.71,21.61
2024-06-20 12:27:22.071229,171,92.32,42.63,4.38,0.0,38.52,74.54,70.26,83.3,87.51,57.26,55.89
2024-06-20 22:47:19.367894,171,61.9,22.57,3.57,0.0,-8.26,27.53,49.05,91.89,89.1,74.5,11.61
2024-06-21 01:35:40.542851,172,73.41,35.46,2.83,0.0,14.82,53.55,68.07,92.09,94.05,69.89,16.5
2024-06-21 06:08:14.165854,172,49.42,21.59,7.86,0.0,-12.24,26.99,94.22,83.02,97.64,83.53,25.76
2024-06-22 11:39:30.860703,173,43.17,6.95,4.48,0.0,34.79,71.3,76.12,97.01,96.2,68.0,52.18
2024-06-22 14:37:58.862256,173,62.46,57.33,5.6,0.0,46.32,80.82,34.05,90.02,96.78,44.79,35.11
2024-06-23 23:33:45.079396,174,54.73,63.48,5.43,0.0,-2.46,31.53,81.71,90.92,93.54,74.41,20.19
2024-06-24 00:09:52.703251,175,70.86,58.85,6.2,0.0,41.84,70.75,55.25,89.66,95.04,55.93,43.97
2024-06-24 00:20:14.637019,175,35.44,44.03,8.79,0.0,-7.05,58.05,71.69,91.0,96.65,59.97,30.36
2024-06-24 00:55:42.983893,175,98.21,36.08,9.83,0.0,13.78,57.49,58.98,85.6,94.73,47.41,37.1
2024-06-24 19:17:35.776530,175,99.03,82.02,4.67,0.0,37.38,47.52,47.6,86.6,90.77,65.32,16.76
2024-06-25 00:47:28.979075,176,78.87,49.31,8.45,0.0,-5.67,39.23,53.85,89.57,92.94,58.41,28.92
2024-06-25 08:42:09.424258,176,67.53,45.52,7.88,0.0,40.87,29.91,69.28,93.64,95.78,65.56,6.31
2024-06-26 04:01:31.096539,177,51.67,2.44,6.16,0.0,-23.63,30.56,58.68,83.1,91.22,60.89,14.17
2024-06-27 12:43:13.304221,178,86.97,32.42,9.6,0.0,-34.36,24.32,100.0,90.71,97.46,66.39,14.65
2024-06-27 13:50:30.529900,178,77.93,36.12,2.8,0.0,43.31,63.54,74.34,94.57,89.35,80.08,30.45
2024-06-27 23:20:27.902618,178,41.38,37.89,1.98,0.0,-29.24,21.49,59.58,85.53,95.72,58.5,13.74
2024-06-28 04:33:19.110137,179,93.76,55.12,8.69,0.0,53.83,79.74,56.0,81.19,92.82,61.45,47.79
2024-06-28 16:07:41.598414,179,87.58,50.69,4.95,0.0,46.39,58.51,47.53,86.63,94.39,47.22,22.22
2024-06-28 19:34:55.022714,179,96.49,57.75,8.62,0.0,-16.64,65.1,94.68,90.67,92.58,69.58,35.65
2024-06-29 01:23:30.509713,180,80.8,72.66,9.04,0.0,11.94,51.86,96.99,83.83,97.53,72.09,29.15
2024-06-29 08:00:27.201287,180,72.94,77.23,1.56,0.0,-14.48,56.8,95.14,89.64,94.52,95.76,39.14
2024-06-30 02:14:26.105696,181,59.28,68.22,8.95,0.0,9.56,82.29,70.64,90.05,91.07,52.63,55.11
2024-06-30 07:57:07.218796,181,95.29,90.77,5.03,0.0,-30.09,18.38,67.71,91.53,94.57,59.13,0.0
2024-06-30 21:09:08.284920,181,90.62,1.73,5.59,0.0,-15.04,29.66,47.82,86.55,91.06,61.85,5.62
2024-07-02 06:09:19.707434,183,33.17,18.6,6.64,0.0,2.42,67.73,51.65,88.21,91.11,48.58,30.97
2024-07-02 08:14:17.283582,183,31.85,0.72,9.34,0.0,0.28,31.45,92.14,93.34,92.17,52.89,0.0
2024-07-02 10:29:29.885100,183,56.35,61.51,1.17,0.0,43.11,31.54,57.97,96.88,95.54,72.09,14.17
2024-07-02 11:30:13.053490,183,86.74,85.31,5.29,0.0,32.97,47.58,47.45,95.17,92.52,49.85,15.28
2024-07-02 13:34:32.915530,183,99.11,23.13,7.19,0.0,24.1,37.62,99.68,90.56,94.75,84.49,42.36
2024-07-03 06:48:00.565984,184,40.53,88.07,7.5,0.0,13.98,56.91,29.75,88.18,92.08,35.8,16.07
2024-07-03 16:05:30.503564,184,71.59,5.73,7.23,0.0,33.92,43.11,66.62,86.81,90.1,70.49,10.64
2024-07-04 12:34:08.835331,185,56.66,88.77,2.21,0.0,1.89,75.9,64.15,84.95,97.7,56.16,34.55
2024-07-06 03:57:26.591989,187,97.89,33.4,3.69,0.0,30.11,71.1,51.45,84.21,93.66,65.16,35.93
2024-07-06 08:08:19.498042,187,88.95,9.63,4.23,0.0,51.9,68.12,37.01,92.18,95.87,53.09,16.77
2024-07-06 14:18:26.790563,187,88.68,46.16,8.24,0.0,-3.43,60.75,84.79,85.75,90.16,64.42,41.2
2024-07-06 20:01:13.776525,187,62.81,24.39,3.51,0.0,28.28,77.75,61.39,86.52,89.18,72.34,30.8
2024-07-06 21:54:45.761809,187,59.04,27.06,2.9,0.0,34.22,43.34,98.45,97.62,95.98,83.39,17.33
2024-07-07 05:28:23.457468,188,49.14,29.19,9.62,0.0,47.74,78.42,39.4,83.71,93.54,45.19,33.89
2024-07-07 10:54:29.713639,188,33.95,76.29,1.08,0.0,30.91,66.73,18.46,85.32,89.44,41.61,27.83
2024-07-07 12:24:26.208634,188,90.53,51.22,9.98,0.0,-4.33,68.36,75.97,82.98,90.81,47.43,40.27
2024-07-07 12:59:17.367574,188,86.9,29.57,7.09,0.0,-3.16,54.24,69.31,90.77,96.13,52.44,26.39
2024-07-08 08:13:01.281666,189,99.98,57.98,8.46,0.0,-31.38,29.7,65.74,91.21,92.65,61.95,8.49
2024-07-08 12:51:21.465875,189,99.76,68.03,3.65,0.0,29.95,56.65,95.98,88.09,94.32,77.94,44.36
2024-07-08 16:33:47.612798,189,68.88,25.9,1.13,0.0,-23.06,62.25,39.22,91.29,91.29,45.85,30.11
2024-07-09 15:07:38.923084,190,83.83,39.29,7.64,0.0,33.55,28.43,71.71,93.52,91.23,61.12,26.15
2024-07-09 18:32:13.056138,190,96.13,11.58,8.51,0.0,-17.12,64.51,42.23,94.05,98.01,50.69,16.77
2024-07-10 08:03:51.958715,191,89.48,17.21,7.66,0.0,-19.37,36.51,71.54,96.31,90.57,71.82,14.77
2024-07-11 14:05:09.102411,192,47.31,64.71,2.29,0.0,3.85,27.55,66.28,95.37,93.14,70.82,3.36
2024-07-11 21:47:46.099607,192,61.54,17.24,7.78,0.0,24.42,32.5,77.2,90.38,96.3,61.61,27.63
2024-07-12 00:02:28.076989,193,39.04,49.89,7.92,0.0,-24.55,21.96,86.92,84.57,90.46,71.19,17.92
2024-07-12 04:43:58.454843,193,96.78,67.36,6.93,0.0,5.49,59.39,98.51,83.57,92.22,72.16,42.93
2024-07-12 16:09:59.166590,193,72.43,10.15,7.9,0.0,5.25,37.92,50.98,82.69,94.22,48.1,18.34
2024-07-12 20:17:27.759281,193,46.0,53.89,8.61,0.0,-7.14,72.73,16.27,91.73,92.88,23.92,18.07
2024-07-13 01:44:37.718939,194,77.02,24.37,6.52,0.0,-19.86,48.14,33.28,94.26,92.66,54.02,28.2
2024-07-13 09:43:37.393752,194,73.27,91.48,1.8,0.0,32.57,31.56,57.48,90.49,91.06,64.38,0.0
2024-07-14 04:59:49.039227,195,55.07,45.94,5.39,0.0,12.46,61.7,68.64,83.18,93.92,62.48,17.64
2024-07-14 11:55:45.007048,195,37.95,76.57,1.7,0.0,-24.08,69.97,53.32,91.13,94.29,56.42,45.87
2024-07-14 15:56:50.268009,195,77.01,52.27,4.67,0.0,37.18,78.38,81.33,96.18,93.72,81.9,39.46
2024-07-14 17:44:46.991516,195,66.42,4.12,4.66,0.0,43.38,32.4,63.25,90.92,87.58,68.53,0.5
2024-07-14 19:03:43.382803,195,84.06,60.15,1.59,0.0,23.22,74.75,44.54,95.26,94.2,57.42,28.45
2024-07-17 13:44:49.915479,198,66.41,90.38,4.14,0.0,13.82,70.77,55.61,94.59,97.55,57.57,30.17
2024-07-17 20:02:27.486420,198,89.65,57.15,2.0,0.0,36.17,31.57,53.85,96.66,92.62,58.64,5.43
2024-07-17 21:51:12.262974,198,68.63,77.82,8.27,0.0,40.82,34.59,86.59,92.84,94.13,63.15,16.14
2024-07-18 14:14:32.907210,199,69.27,84.0,9.53,0.0,31.05,65.89,93.21,92.54,93.02,79.57,44.43
2024-07-18 18:15:33.369832,199,91.37,21.67,1.65,0.0,1.51,30.54,75.04,86.59,96.56,81.93,19.8
2024-07-18 22:06:18.678022,199,58.24,20.14,9.6,0.0,21.39,78.19,65.77,82.39,97.24,50.17,40.15
2024-07-19 05:24:39.696329,200,39.38,58.04,5.7,0.0,24.37,47.71,59.52,90.02,89.62,49.23,13.45
2024-07-19 07:59:59.498078,200,32.01,39.05,3.7,0.0,-9.5,70.6,20.89,84.53,92.37,42.66,20.25
2024-07-19 20:09:42.112007,200,82.86,79.79,1.69,0.0,6.56,54.87,71.82,97.49,91.92,74.03,33.93
2024-07-20 14:44:06.975751,201,73.42,85.5,5.51,0.0,32.58,37.38,64.84,86.41,91.41,72.32,14.39
2024-07-20 15:43:48.101085,201,79.29,33.58,8.15,0.0,18.05,32.65,52.57,94.56,89.25,51.42,1.16
2024-07-20 20:31:10.593981,201,44.91,22.5,7.36,0.0,3.81,53.54,63.83,87.73,96.13,64.56,17.99
2024-07-21 18:53:57.197094,202,39.55,74.15,1.45,0.0,26.21,74.22,72.85,87.91,88.03,72.15,31.08
2024-07-21 23:08:10.648352,202,31.02,26.11,1.66,0.0,-17.16,60.82,36.18,97.08,93.26,61.2,16.4
2024-07-22 14:38:48.211711,203,54.54,78.15,4.63,0.0,-0.57,39.22,61.08,87.9,94.59,52.36,18.96
2024-07-22 21:43:04.203349,203,71.29,40.26,3.66,0.0,29.9,44.15,97.46,88.35,89.55,92.89,31.77
2024-07-23 07:46:49.995985,204,57.46,63.42,3.09,0.0,-18.16,26.8,97.63,84.34,97.02,87.78,4.85
2024-07-23 23:14:51.176050,204,60.62,9.08,3.53,0.0,-12.97,58.28,69.29,92.72,96.35,78.09,43.31
2024-07-24 00:57:48.773343,205,93.29,59.27,8.23,0.0,40.98,34.34,73.13,85.57,91.61,60.42,21.44
2024-07-24 13:23:46.367526,205,54.38,42.92,9.36,0.0,-14.16,44.77,88.63,90.27,92.06,72.47,31.97
2024-07-24 14:00:49.633270,205,65.98,55.73,4.65,0.0,-7.91,53.44,46.37,91.3,90.32,53.84,12.19
2024-07-24 22:55:09.815295,205,84.86,15.96,9.15,0.0,52.81,87.09,63.63,91.48,93.61,57.58,54.82
2024-07-25 19:27:17.932487,206,57.76,70.0,3.89,0.0,26.52,40.18,42.25,93.71,88.93,41.89,10.68
2024-07-25 21:33:33.758030,206,73.55,81.97,5.29,0.0,22.96,41.39,84.21,90.01,94.59,75.24,20.17
2024-07-25 23:11:07.249078,206,90.37,20.59,3.03,0.0,40.08,65.06,53.09,87.26,95.36,62.11,27.2
2024-07-25 23:41:14.339748,206,96.47,9.09,6.76,0.0,-19.3,55.9,68.39,94.56,90.22,66.38,32.77
2024-07-26 23:29:38.901613,207,40.3,2.25,9.81,0.0,24.46,44.16,53.79,86.03,96.37,43.96,17.97
2024-07-27 02:02:37.905380,208,94.86,60.99,6.43,0.0,15.43,79.94,40.32,89.66,88.25,37.76,34.35
2024-07-27 11:40:06.107291,208,64.45,57.67,4.22,0.0,40.47,80.05,62.16,88.05,96.02,62.68,46.03
2024-07-28 17:54:36.345122,209,48.08,51.94,6.83,0.0,7.34,38.75,92.95,94.79,89.09,72.17,32.95
2024-07-28 19:56:22.870968,209,62.14,22.03,2.11,0.0,16.49,44.77,100.0,89.39,94.37,80.52,40.33
2024-07-29 14:15:57.666793,210,98.6,37.14,9.0,0.0,8.37,53.92,54.91,87.31,90.4,42.36,38.57
2024-07-29 15:05:28.012276,210,64.48,56.48,5.53,0.0,11.54,69.07,68.23,92.56,96.27,70.27,37.86
2024-07-30 07:09:34.400822,211,53.01,47.19,5.04,0.0,25.97,32.71,84.27,91.31,92.71,68.96,9.77
2024-07-31 04:03:13.130927,212,74.34,93.84,6.27,0.0,22.61,61.88,54.33,83.66,89.1,63.19,19.05
2024-07-31 07:46:46.150210,212,46.81,12.96,6.62,0.0,22.44,56.78,24.23,89.6,93.47,34.67,20.1
2024-07-31 19:05:58.470139,212,35.31,66.04,1.65,0.0,2.8,34.43,75.82,94.01,91.96,83.61,24.57
2024-08-01 05:09:27.178030,213,39.02,38.41,7.14,0.0,14.66,66.27,74.87,96.75,94.48,71.66,49.47
2024-08-01 09:02:19.887158,213,38.96,40.68,3.18,0.0,34.94,80.67,52.6,91.8,95.94,62.7,38.34
2024-08-02 15:20:07.013964,214,40.63,68.17,7.43,0.0,30.64,28.82,68.41,87.19,91.42,57.25,22.88
2024-08-03 01:36:29.227302,215,39.72,65.78,8.4,0.0,23.56,45.98,67.89,84.99,90.57,48.05,19.04
2024-08-03 10:35:55.471734,215,74.86,94.17,8.24,0.0,43.18,53.03,53.14,94.18,86.84,47.35,16.38
2024-08-05 04:36:21.323185,217,42.73,12.2,5.97,0.0,40.42,83.09,60.07,93.83,92.56,62.09,41.61
2024-08-05 14:13:29.860221,217,54.2,9.89,5.68,0.0,20.5,85.4,59.11,85.64,91.83,51.07,41.08
2024-08-05 15:35:36.053010,217,92.78,68.81,2.29,0.0,23.04,54.33,54.27,85.82,91.42,64.07,13.44
2024-08-06 05:47:52.362876,218,63.18,54.95,7.98,0.0,47.11,76.11,78.48,91.72,88.29,69.81,45.84
2024-08-06 08:57:29.648349,218,76.73,26.05,3.44,0.0,19.91,55.94,53.89,87.29,92.12,57.76,26.98
2024-08-06 13:12:45.257377,218,42.06,7.54,5.47,0.0,36.44,62.51,83.98,86.41,96.84,80.34,38.57
2024-08-06 16:31:31.402781,218,43.46,8.14,3.56,0.0,22.44,42.77,57.32,84.83,90.68,59.53,16.38
2024-08-06 23:43:44.391443,218,32.86,84.95,2.2,0.0,10.76,34.72,40.62,86.77,93.82,66.15,0.0
2024-08-07 07:55:05.604062,219,41.83,18.23,6.67,0.0,-13.2,33.68,52.92,88.33,95.57,57.33,7.92
2024-08-07 08:21:50.656393,219,49.5,30.72,1.49,0.0,4.76,53.0,52.2,93.94,95.3,69.4,17.12
2024-08-09 02:43:48.307236,221,42.39,21.53,7.74,0.0,41.77,30.05,47.75,86.23,89.99,47.67,1.92
2024-08-09 19:24:09.696990,221,36.21,33.72,3.86,0.0,27.51,76.84,46.68,87.31,93.52,67.19,38.6
2024-08-10 19:43:45.642246,222,38.44,6.6,1.0,0.0,11.03,33.56,75.46,87.3,96.49,72.83,7.99
2024-08-11 01:53:56.752079,223,62.25,49.31,5.6,0.0,41.28,46.06,84.77,88.78,86.86,69.79,28.26
2024-08-11 15:42:39.090296,223,44.44,6.42,1.42,0.0,17.14,49.72,33.73,85.64,92.13,38.0,12.18
2024-08-11 16:06:51.880892,223,55.5,76.03,3.49,0.0,14.61,68.45,53.92,89.8,90.01,64.15,37.73
2024-08-11 23:07:02.750670,223,65.24,22.2,7.36,0.0,25.89,31.27,50.72,92.28,91.36,48.15,2.41
2024-08-12 02:44:21.820817,224,78.33,51.3,1.56,0.0,24.83,46.0,86.11,83.34,91.68,88.74,33.15
2024-08-12 09:29:49.598162,224,32.75,83.61,8.55,0.0,-8.92,69.25,11.69,81.64,95.23,38.24,25.1
2024-08-12 17:28:39.279690,224,85.96,61.83,1.03,0.0,4.85,44.39,98.9,84.13,88.7,97.38,26.52
2024-08-13 01:15:25.438574,225,73.95,50.63,3.22,0.0,5.56,44.01,84.4,90.59,92.88,73.99,33.58
2024-08-13 01:45:39.450845,225,35.72,30.81,7.67,0.0,4.3,65.6,46.56,94.48,93.39,49.69,23.65
2024-08-13 21:40:46.219987,225,91.15,31.64,3.85,0.0,5.99,26.08,80.46,82.5,92.69,73.42,18.6
2024-08-14 09:17:17.329997,226,94.46,63.6,1.92,0.0,2.62,48.29,53.09,96.86,95.06,76.1,5.79
2024-08-14 17:53:41.897584,226,34.28,94.44,4.24,0.0,-15.5,40.6,46.59,83.94,91.58,60.29,15.21
2024-08-15 01:38:54.169003,227,49.38,62.87,3.43,0.0,0.79,45.72,89.01,95.13,97.18,74.56,19.84
2024-08-15 09:14:26.280883,227,86.43,52.99,8.58,0.0,-26.79,43.27,98.28,88.71,92.55,82.28,26.51
2024-08-15 14:51:25.493844,227,82.38,69.41,3.82,0.0,11.16,25.43,51.2,92.31,93.44,59.38,17.68
2024-08-15 17:21:00.549429,227,42.92,44.19,8.1,0.0,36.07,45.64,71.96,88.89,95.18,48.09,38.49
2024-08-16 20:16:42.168447,228,44.65,5.71,9.03,0.0,22.54,30.75,83.45,88.53,90.35,60.61,15.77
2024-08-17 06:00:16.931440,229,55.93,53.42,4.9,0.0,2.2,64.61,57.69,94.71,88.46,57.06,28.17
2024-08-17 14:24:28.887362,229,63.92,90.97,9.19,0.0,-24.26,37.83,40.87,92.67,94.79,47.57,12.65
2024-08-18 01:30:18.830622,230,73.28,16.65,4.4,0.0,-14.5,43.25,48.18,89.53,92.53,64.42,17.42
2024-08-19 06:18:52.117908,231,55.82,65.55,9.68,0.0,18.36,75.17,38.31,82.89,96.66,45.0,32.53
2024-08-19 12:19:58.273283,231,62.38,19.09,1.8,0.0,-11.54,62.98,78.31,84.52,97.52,84.84,47.03
2024-08-19 14:02:49.952709,231,82.32,50.9,7.18,0.0,7.61,26.47,81.7,93.74,91.68,71.12,9.78
2024-08-20 02:12:54.335736,232,32.57,9.18,5.44,0.0,-6.15,73.34,42.17,90.0,91.83,48.16,35.65
2024-08-20 04:22:58.691940,232,47.67,42.79,4.49,0.0,34.76,46.41,91.83,89.18,91.02,89.42,32.08
2024-08-20 23:23:35.576072,232,79.93,71.84,6.69,0.0,-2.93,29.4,88.55,92.01,90.93,65.92,5.29
2024-08-20 23:43:40.849453,232,92.66,33.02,7.33,0.0,-7.14,69.7,87.17,94.56,95.5,74.89,51.18
2024-08-21 13:47:38.602319,233,65.82,63.17,1.04,0.0,34.99,56.88,58.61,92.06,94.51,65.16,29.33
2024-08-21 15:34:08.695686,233,67.25,75.57,2.5,0.0,-3.37,43.9,46.23,94.08,92.46,62.79,31.79
2024-08-21 23:36:23.383373,233,37.5,88.08,7.42,0.0,-24.09,35.71,91.61,93.13,88.12,73.19,15.38
2024-08-22 00:15:53.195042,234,61.32,22.29,7.0,0.0,16.2,54.9,59.65,87.07,90.76,54.65,27.33
2024-08-22 08:12:23.381878,234,67.28,37.94,9.69,0.0,13.82,36.31,54.69,85.3,90.58,41.36,12.62
2024-08-22 09:33:32.069614,234,46.97,14.48,7.85,0.0,31.99,75.96,33.0,93.37,95.17,37.87,35.35
2024-08-22 17:41:16.904880,234,48.85,94.29,9.56,0.0,-14.2,29.59,39.74,86.87,88.54,34.2,1.52
2024-08-22 19:15:23.936126,234,56.41,88.07,7.32,0.0,10.11,70.21,45.9,95.21,95.72,59.59,38.08
2024-08-22 22:08:25.853424,234,31.4,51.3,3.68,0.0,-6.7,54.19,74.56,83.44,94.35,76.34,33.73
2024-08-24 18:03:42.370179,236,52.55,79.99,1.95,0.0,-19.58,73.79,76.29,83.6,94.96,79.03,46.4
2024-08-25 15:10:02.321288,237,44.8,49.49,8.04,0.0,42.68,72.87,77.3,94.87,90.82,61.68,40.67
2024-08-25 23:24:53.814540,237,52.92,59.24,6.8,0.0,30.67,63.76,33.83,91.3,93.89,44.33,21.85
2024-08-26 02:39:59.455737,238,38.38,8.47,1.43,0.0,-7.99,41.68,53.76,88.5,93.71,62.25,12.43
2024-08-26 08:21:57.211935,238,92.34,71.75,4.24,0.0,14.76,36.66,54.54,93.57,95.31,56.96,1.9
2024-08-26 20:52:47.328541,238,71.55,12.13,9.61,0.0,-17.37,36.58,96.92,91.26,92.09,62.79,17.28
2024-08-27 22:38:45.869391,239,77.54,78.48,5.5,0.0,45.51,76.22,48.34,89.34,91.06,47.69,37.91
2024-08-28 01:42:48.812883,240,85.24,74.29,4.89,0.0,-16.96,69.01,65.72,83.58,94.04,64.59,34.54
2024-08-28 07:56:37.483996,240,64.89,67.33,5.12,0.0,-30.41,44.88,80.47,94.24,88.68,79.49,24.6
2024-08-28 14:23:19.875649,240,36.08,3.44,2.88,0.0,5.75,31.82,63.21,95.49,91.96,61.66,19.74
2024-08-28 14:55:19.403800,240,67.6,28.8,4.32,0.0,15.24,48.28,57.86,84.8,97.32,63.57,5.57
2024-08-28 18:00:14.286837,240,71.08,25.0,4.33,0.0,17.75,65.42,91.2,94.97,87.98,85.81,34.52
2024-08-29 12:34:37.687736,241,82.18,34.21,1.47,0.0,-26.19,50.16,97.83,95.95,90.75,98.94,32.46
2024-08-29 12:47:08.092117,241,60.22,8.33,7.91,0.0,-1.51,60.75,41.72,89.73,90.73,43.35,28.05
2024-08-29 16:45:55.966687,241,38.93,89.01,4.75,0.0,15.91,75.78,39.61,91.96,93.92,50.91,28.25
2024-08-29 23:39:31.871522,241,49.86,52.61,8.4,0.0,-16.38,37.23,100.0,87.13,88.65,67.49,31.86
2024-08-30 13:49:21.440837,242,55.42,29.02,8.65,0.0,39.33,45.78,32.58,85.13,92.9,37.27,10.58
2024-08-30 22:30:00.519800,242,75.21,37.71,2.91,0.0,-23.86,43.86,63.16,93.31,88.53,65.42,24.87
2024-08-31 04:29:00.440156,243,69.95,42.48,6.92,0.0,6.64,37.88,50.52,94.6,88.52,52.8,2.7
2024-08-31 14:03:30.844492,243,54.93,57.06,5.25,0.0,21.69,40.29,73.5,91.82,94.77,75.95,18.65
2024-09-01 21:16:49.658732,244,99.06,48.99,8.92,0.0,-14.27,22.04,59.7,88.94,90.8,51.01,12.07
2024-09-01 22:56:34.420436,244,72.4,87.34,2.94,0.0,24.58,80.02,49.26,84.84,97.1,65.3,38.29
2024-09-03 04:07:27.929634,246,46.61,47.21,7.1,0.0,35.39,49.04,43.87,82.1,87.14,39.87,21.09
2024-09-03 05:01:13.298987,246,37.12,94.26,6.47,0.0,-14.81,50.04,58.14,88.42,91.99,49.29,31.13
2024-09-03 14:31:25.910600,246,40.7,80.89,3.66,0.0,48.38,82.92,72.71,82.34,87.25,61.67,45.58
2024-09-03 14:34:28.099385,246,47.22,19.81,2.23,0.0,17.6,66.91,69.88,91.13,91.05,60.39,41.07
2024-09-03 18:02:58.280243,246,41.25,88.41,6.86,0.0,-10.5,31.07,92.5,87.4,97.52,83.09,19.85
2024-09-03 21:42:11.754045,246,43.06,11.05,7.65,0.0,5.25,53.28,65.2,92.86,96.43,61.4,25.66
2024-09-03 22:43:47.213851,246,49.96,77.66,3.84,0.0,-5.72,42.26,32.01,86.85,88.02,41.08,15.32
2024-09-04 02:23:19.657052,247,42.14,36.16,6.8,0.0,31.58,68.61,32.04,90.36,92.58,50.97,34.29
2024-09-04 02:46:18.218950,247,92.77,83.41,4.56,0.0,36.39,76.14,92.0,89.84,93.19,88.63,48.39
2024-09-04 06:47:39.548136,247,35.62,82.47,7.42,0.0,38.92,63.74,42.83,81.19,88.68,38.66,37.39
2024-09-04 18:19:52.870042,247,66.72,76.56,2.79,0.0,46.95,47.68,44.38,82.89,87.63,50.21,19.62
2024-09-05 03:01:13.090273,248,58.73,75.05,9.01,0.0,36.96,77.69,65.62,85.21,95.72,60.94,34.99
2024-09-05 12:30:57.761497,248,98.77,28.94,3.59,0.0,12.74,27.93,77.79,95.53,97.21,77.72,4.54
2024-09-05 23:00:50.918069,248,37.84,7.69,4.31,0.0,-6.95,28.95,50.56,84.36,97.44,62.89,9.81
2024-09-06 12:30:49.682186,249,57.85,38.28,1.52,0.0,11.6,46.35,96.27,93.37,95.41,88.31,23.92
2024-09-06 19:15:04.633828,249,97.86,16.48,2.0,0.0,-31.79,25.21,99.42,97.21,94.15,84.12,18.8
2024-09-07 01:49:30.435643,250,90.59,66.02,5.64,1.0,26.41,38.67,76.6,100.0,95.64,67.23,29.72
2024-09-07 09:34:05.920700,250,87.2,32.88,3.41,1.0,9.64,81.27,92.36,93.96,94.21,74.75,40.44
2024-09-07 16:58:23.418781,250,48.05,92.68,8.52,1.0,-23.02,75.43,51.14,100.0,93.29,47.3,36.13
2024-09-07 19:23:44.208054,250,41.96,60.89,1.13,1.0,-27.34,40.4,79.97,92.17,99.43,67.76,28.81
2024-09-08 03:02:45.524524,251,76.81,78.14,4.41,0.0,-1.83,36.71,49.35,89.13,95.34,58.69,14.36
2024-09-08 06:24:02.711268,251,95.06,12.59,4.04,0.0,14.03,38.09,59.65,95.5,95.75,69.5,14.88
2024-09-08 14:27:02.714723,251,68.97,81.89,1.17,0.0,4.47,38.06,79.29,92.38,96.63,80.49,25.17
2024-09-08 21:29:03.092179,251,70.01,87.66,2.12,0.0,13.97,30.3,99.54,88.77,96.29,95.32,24.82
2024-09-09 02:25:52.081073,252,49.6,46.27,4.72,0.0,13.55,78.66,51.36,86.43,97.48,47.38,33.46
2024-09-09 04:00:04.591990,252,83.86,57.59,5.44,0.0,19.5,35.68,52.6,87.52,89.92,54.06,20.28
2024-09-09 06:25:24.501937,252,43.09,72.66,4.64,0.0,-13.43,35.75,36.55,89.69,95.11,46.36,6.16
2024-09-09 09:46:18.925787,252,52.66,16.61,5.78,0.0,-26.86,23.69,96.31,86.61,93.34,72.77,14.11
2024-09-09 12:15:15.757891,252,59.78,47.74,6.36,0.0,22.01,68.2,30.91,96.25,89.99,46.74,35.25
2024-09-09 15:10:29.728242,252,65.53,37.87,1.09,0.0,11.55,65.46,60.58,96.76,97.3,63.26,27.39
2024-09-09 18:10:11.695618,252,46.97,13.91,5.18,0.0,-22.49,70.9,24.04,95.01,96.46,38.09,23.54
2024-09-10 03:25:22.481142,253,38.04,34.92,9.67,0.0,3.82,62.72,22.01,87.37,88.76,36.67,10.76
2024-09-10 07:47:14.144101,253,72.74,6.48,5.67,0.0,-23.75,41.1,80.64,92.21,87.73,71.77,36.01
2024-09-10 15:44:53.729267,253,50.2,2.45,7.1,0.0,9.48,40.66,80.07,95.1,94.35,70.32,22.4
2024-09-11 03:21:38.087611,254,70.69,12.84,3.81,0.0,4.03,59.8,51.21,94.96,93.5,54.94,33.66
2024-09-11 11:49:36.046778,254,40.81,91.5,7.97,0.0,17.42,44.51,43.11,87.59,96.82,50.32,30.4
2024-09-11 15:06:33.073601,254,63.68,52.21,7.96,0.0,35.24,63.53,82.76,82.76,89.04,54.05,36.52
2024-09-11 16:52:22.656551,254,67.28,91.75,5.69,0.0,-11.95,16.53,61.4,82.96,88.3,70.47,6.09
2024-09-11 18:34:04.128461,254,33.63,41.09,9.78,0.0,41.71,29.64,70.5,89.17,88.97,71.8,13.73
2024-09-11 21:05:59.518394,254,53.56,29.62,2.13,0.0,13.28,59.98,87.96,92.18,87.65,76.89,37.16
2024-09-12 04:47:47.310405,255,39.41,48.08,1.15,0.0,20.26,58.35,31.82,95.48,87.8,44.76,10.53
2024-09-12 06:21:04.059230,255,34.44,41.75,7.93,0.0,27.47,70.32,70.82,85.69,96.23,65.43,33.51
2024-09-12 07:29:37.524764,255,99.3,10.04,8.26,0.0,18.92,30.84,67.24,83.82,90.97,64.24,0.0
2024-09-12 09:35:13.380622,255,52.56,60.88,2.08,0.0,11.04,54.76,67.16,88.23,91.56,72.31,24.14
2024-09-12 12:03:51.815897,255,86.69,20.52,3.39,0.0,0.63,31.73,74.72,87.59,87.63,69.44,14.59
2024-09-12 13:58:59.266040,255,47.82,58.86,1.16,0.0,-30.58,31.79,100.0,84.72,90.16,92.43,10.85
2024-09-12 20:53:28.919671,255,77.71,61.77,3.64,0.0,-29.31,38.29,55.81,92.32,95.5,56.3,17.07
2024-09-12 22:17:09.080306,255,83.22,14.44,7.96,0.0,-5.4,30.68,74.47,89.0,93.6,52.89,11.51
2024-09-12 23:25:45.292381,255,71.69,5.83,5.66,0.0,-6.65,37.26,97.15,92.64,94.99,79.93,36.97
2024-09-13 01:50:50.404367,256,63.01,74.17,4.13,0.0,-1.17,43.13,71.9,87.42,91.91,62.12,16.13
2024-09-13 07:40:27.092006,256,58.83,43.68,4.35,0.0,-21.82,38.42,72.8,86.97,90.54,54.27,2.39
2024-09-13 15:54:54.751085,256,54.42,5.53,1.01,0.0,24.1,28.41,62.0,89.84,92.06,71.14,10.87
2024-09-13 21:12:23.191786,256,95.07,94.51,3.7,0.0,33.64,39.09,100.0,95.11,89.99,78.19,36.13
2024-09-14 05:39:25.281202,257,88.14,5.49,6.82,0.0,41.42,35.28,53.49,81.69,94.75,57.0,19.94
2024-09-14 15:39:12.212587,257,97.55,66.03,9.77,0.0,4.0,26.39,61.67,93.06,90.41,46.14,2.61
2024-09-14 16:47:25.386280,257,38.7,93.45,8.62,0.0,27.59,66.19,60.53,86.68,93.65,53.1,32.77
2024-09-14 19:58:11.911943,257,81.16,22.72,1.21,0.0,35.89,47.73,67.59,95.19,88.01,67.24,15.59
2024-09-14 23:51:06.524280,257,95.68,13.51,9.09,0.0,0.82,43.85,98.39,93.16,94.3,61.69,28.86
2024-09-15 02:03:59.926833,258,42.69,11.53,8.05,0.0,-7.26,41.37,84.01,86.56,96.55,72.36,19.18
2024-09-15 05:41:35.929505,258,34.65,28.81,8.02,0.0,46.89,68.75,65.1,91.08,92.16,50.28,37.6
2024-09-15 16:34:47.285889,258,81.88,9.6,5.12,0.0,15.7,77.53,81.72,84.31,93.02,60.55,44.34
2024-09-15 16:48:49.815322,258,70.21,65.76,4.58,0.0,12.89,68.72,70.18,95.46,97.03,77.16,31.73
2024-09-15 19:48:31.290855,258,88.93,5.92,3.73,0.0,-13.0,59.92,38.61,88.26,93.69,58.97,38.02
2024-09-15 21:34:24.400525,258,39.78,48.4,1.59,0.0,-21.53,48.01,72.3,89.45,90.02,65.38,8.78
2024-09-16 13:21:24.619788,259,85.67,94.69,3.05,0.0,39.69,68.45,47.1,92.46,89.35,66.49,18.1
2024-09-16 15:28:46.162427,259,44.11,77.33,3.22,0.0,19.76,56.46,42.35,94.6,94.46,55.75,22.41
2024-09-17 05:18:03.443415,260,41.46,58.45,5.36,0.0,-7.34,36.06,82.35,85.39,94.75,69.75,6.64
2024-09-17 09:10:08.073757,260,41.5,29.09,7.73,0.0,-18.16,32.28,68.31,91.29,90.43,63.65,5.74
2024-09-18 14:21:31.860540,261,87.02,59.27,5.26,0.0,12.0,48.91,99.33,87.74,90.84,86.62,41.81
2024-09-18 19:54:47.544095,261,76.56,50.07,1.52,0.0,21.64,74.62,36.46,88.14,97.22,60.6,29.73
2024-09-19 06:08:24.494828,262,66.61,40.48,9.62,0.0,-12.87,52.9,67.18,91.33,88.4,62.83,36.88
2024-09-19 12:29:11.276970,262,55.12,12.42,9.48,0.0,40.92,64.9,31.93,86.34,90.38,45.43,27.86
2024-09-19 17:40:32.931567,262,91.4,84.23,8.07,0.0,-25.1,42.08,84.84,86.48,88.0,72.98,33.01
2024-09-20 10:59:32.993805,263,57.47,42.73,9.92,0.0,-2.62,48.2,80.28,93.45,95.58,58.79,39.48
2024-09-21 07:02:12.603779,264,87.16,18.49,5.9,0.0,19.94,36.57,86.38,83.23,88.28,63.31,20.47
2024-09-21 10:52:47.480287,264,60.74,34.94,9.66,0.0,-12.01,26.82,57.51,91.09,94.1,56.97,0.54
2024-09-22 03:08:39.154988,265,56.39,39.34,1.68,0.0,40.14,73.13,26.58,85.82,86.91,56.77,33.57
2024-09-22 17:44:04.325124,265,62.39,78.62,4.29,0.0,30.21,57.75,36.58,82.1,93.57,44.32,22.26
2024-09-22 19:20:09.034770,265,51.1,69.69,3.03,0.0,31.17,50.05,72.9,84.59,95.22,84.05,28.44
2024-09-22 19:43:13.516646,265,82.33,73.08,2.76,0.0,-16.84,69.16,86.7,91.43,91.34,85.04,53.41
2024-09-24 10:29:27.467578,267,65.19,1.05,2.27,0.0,-21.8,32.37,50.66,93.05,92.55,60.07,9.1
2024-09-25 10:11:44.606557,268,46.25,39.53,6.6,0.0,-1.37,79.69,59.18,81.85,91.34,63.94,46.61
2024-09-25 11:09:29.020389,268,92.97,45.73,8.03,0.0,9.58,51.93,96.45,81.8,90.32,66.11,38.17
2024-09-25 13:32:28.882488,268,56.87,1.82,6.2,0.0,27.89,46.55,69.47,95.07,94.96,71.99,37.71
2024-09-25 21:21:31.564555,268,68.05,24.68,2.32,0.0,34.67,47.23,78.84,83.2,89.31,74.29,29.56
2024-09-27 20:48:22.131720,270,93.45,72.23,8.3,0.0,21.81,36.64,100.0,94.59,94.44,71.4,34.17
2024-09-28 00:16:10.769262,271,73.7,13.03,6.72,0.0,39.62,32.38,63.56,84.47,88.37,70.96,9.68
2024-09-28 10:29:43.758943,271,38.18,50.85,4.49,0.0,30.88,60.67,38.48,92.86,89.24,57.29,37.99
2024-09-28 10:47:58.469353,271,95.79,20.44,7.07,0.0,-1.0,64.2,32.94,86.06,90.65,34.12,26.79
2024-09-28 16:12:56.606797,271,73.94,1.15,3.34,0.0,-5.31,73.89,83.31,95.05,93.18,82.13,32.13
2024-09-28 19:56:39.895156,271,53.44,22.91,4.11,0.0,21.39,42.09,96.71,92.52,91.76,72.0,17.63
2024-09-29 03:46:29.964799,272,39.75,92.71,9.26,0.0,-14.02,52.48,73.0,87.0,94.73,52.8,28.34
2024-09-29 10:05:41.664629,272,85.58,76.15,3.61,0.0,-27.32,22.91,59.34,83.25,89.42,55.76,6.81
2024-09-29 17:22:01.394973,272,73.41,91.16,5.23,0.0,7.12,27.53,76.59,92.77,87.39,68.64,19.41
2024-09-29 23:33:16.786264,272,67.34,46.35,9.01,0.0,37.61,60.19,35.99,89.9,94.17,30.14,23.09
2024-09-30 18:47:36.227893,273,92.57,10.42,7.37,0.0,-21.47,48.65,39.69,81.39,95.49,53.28,20.66
2024-10-01 02:23:19.006191,274,85.2,52.06,1.56,0.0,28.34,37.17,88.57,82.54,87.44,72.34,20.25
2024-10-01 11:29:12.754829,274,40.62,43.17,2.33,0.0,29.35,31.39,95.67,94.34,92.9,95.12,43.06
2024-10-01 19:39:46.048469,274,51.82,80.21,1.07,0.0,14.46,84.63,70.91,86.48,91.04,73.99,55.25
2024-10-01 20:38:18.518464,274,47.39,9.32,6.68,0.0,-31.05,20.54,86.81,91.01,95.2,68.65,4.6
2024-10-02 01:56:04.964501,275,82.08,46.38,5.03,0.0,-16.7,45.0,46.18,88.61,95.99,46.3,17.05
2024-10-02 16:04:50.195725,275,32.35,14.25,2.21,0.0,26.65,52.37,38.9,95.26,95.43,68.51,28.81
2024-10-02 16:51:59.143689,275,69.89,30.84,9.62,0.0,22.35,32.31,67.27,94.63,94.9,52.37,6.18
2024-10-02 18:41:51.338231,275,83.37,70.05,5.77,0.0,37.9,46.13,93.99,96.21,89.05,79.42,34.09
2024-10-03 22:48:18.161658,276,91.37,45.22,3.18,0.0,14.84,46.93,96.34,84.46,95.36,82.19,31.65
2024-10-04 17:08:42.297771,277,53.95,35.71,5.51,0.0,-16.93,62.01,50.31,94.63,92.56,47.21,34.03
2024-10-04 17:10:40.889940,277,87.49,37.48,7.12,0.0,-20.2,48.82,64.34,85.35,87.76,63.7,26.94
2024-10-04 23:42:05.258791,277,37.74,43.65,1.69,0.0,29.35,57.35,23.37,91.18,91.33,44.02,20.77
2024-10-05 10:54:33.117608,278,89.25,74.58,3.47,0.0,-9.48,79.96,41.65,89.67,96.64,55.13,42.82
2024-10-05 12:24:50.846702,278,38.92,84.75,8.26,0.0,-0.51,65.19,46.01,81.39,96.1,52.16,20.88
2024-10-05 13:02:07.711294,278,57.81,90.76,5.14,0.0,8.19,46.64,41.49,95.74,88.24,45.45,16.84
2024-10-06 02:17:29.142316,279,85.81,74.76,5.92,0.0,-28.66,45.74,69.0,82.76,94.65,63.21,6.71
2024-10-07 02:37:12.896695,280,40.49,29.96,4.9,0.0,-8.67,57.92,74.81,92.1,95.26,67.66,38.39
2024-10-07 04:08:30.129989,280,46.05,65.37,1.4,0.0,4.62,63.65,56.65,94.26,89.91,71.98,26.33
2024-10-07 04:43:49.272457,280,80.56,41.57,2.49,0.0,-7.62,49.1,40.56,94.19,91.92,66.4,13.55
2024-10-07 23:43:42.164353,280,80.4,24.19,5.01,0.0,-17.35,54.16,44.76,83.79,94.31,46.29,16.27
2024-10-08 00:31:49.715830,281,74.88,79.88,2.88,0.0,22.52,30.74,76.4,88.89,91.45,75.12,9.84
2024-10-08 02:05:08.199006,281,78.58,3.65,1.45,0.0,34.21,54.98,60.6,94.63,87.61,75.68,26.24
2024-10-08 17:43:39.614715,281,67.99,85.67,8.59,0.0,-12.05,37.52,64.17,85.57,94.25,56.47,13.87
2024-10-08 19:05:42.162928,281,47.63,43.84,9.83,0.0,27.5,33.16,72.29,87.73,95.93,58.18,35.21
2024-10-08 21:37:47.912749,281,54.2,60.53,8.14,0.0,-3.96,28.55,74.79,85.22,93.71,72.84,25.38
2024-10-09 02:29:26.606505,282,42.71,62.64,8.68,0.0,11.77,61.65,74.63,87.96,94.92,57.3,26.6
2024-10-09 06:00:34.171361,282,93.59,85.04,3.18,0.0,38.76,59.47,62.44,95.01,89.83,70.31,27.7
2024-10-10 07:00:36.834310,283,70.84,60.48,9.65,0.0,27.04,43.69,89.37,87.57,88.65,61.87,36.38
2024-10-10 14:38:11.938938,283,58.06,58.32,2.77,0.0,34.06,53.07,52.88,90.25,92.89,57.93,26.63
2024-10-10 17:08:40.151804,283,62.34,6.33,9.56,0.0,-19.15,44.3,36.1,86.88,90.45,33.84,25.66
2024-10-12 05:48:00.625492,285,96.31,49.25,9.95,0.0,-28.08,28.61,84.56,87.63,95.75,73.65,23.85
2024-10-12 10:44:53.238447,285,40.73,14.27,7.41,0.0,43.3,66.74,59.56,80.92,87.21,54.86,30.33
2024-10-12 11:58:16.845696,285,71.04,70.06,9.83,0.0,4.4,73.24,81.74,85.01,91.48,76.74,52.72
2024-10-12 16:00:03.848413,285,65.41,48.66,6.13,0.0,-3.47,69.56,69.81,88.04,91.12,70.26,37.33
2024-10-13 19:23:10.917287,286,72.8,64.62,3.34,0.0,29.21,64.29,86.15,91.43,96.06,75.34,50.83
2024-10-13 23:14:07.301366,286,31.27,3.96,4.93,0.0,37.05,58.96,78.46,88.11,87.82,66.66,45.65
2024-10-14 04:28:12.753139,287,91.05,8.06,6.34,0.0,33.73,37.69,92.29,86.24,86.54,79.05,31.54
2024-10-14 12:14:26.883531,287,95.25,68.05,1.66,0.0,-7.27,38.09,82.14,88.19,89.51,73.2,30.74
2024-10-14 20:59:15.235112,287,69.56,6.85,6.6,0.0,33.3,37.41,81.68,84.77,94.67,80.01,17.36
2024-10-15 00:59:47.227824,288,78.77,6.77,9.83,0.0,-21.16,77.24,82.94,94.6,89.21,71.36,53.02
2024-10-16 04:55:15.056115,289,94.57,1.15,2.71,0.0,-30.41,31.96,97.87,89.97,89.52,88.33,29.96
2024-10-16 18:12:43.025100,289,79.51,90.87,8.13,0.0,15.7,32.82,53.57,81.26,88.41,51.62,14.48
2024-10-17 00:51:59.107499,290,40.68,70.06,9.17,0.0,-20.28,70.3,62.82,81.14,94.25,45.91,32.74
2024-10-17 02:29:29.961044,290,70.34,33.56,9.49,0.0,1.3,69.94,30.49,95.38,87.79,35.71,21.61
2024-10-17 18:11:22.576979,290,72.47,28.17,9.64,0.0,27.01,71.26,52.63,84.01,90.06,58.63,26.29
2024-10-18 09:59:01.074256,291,59.69,33.22,5.69,0.0,-8.95,19.92,63.23,93.62,89.91,52.32,1.16
2024-10-18 12:52:42.179164,291,81.55,73.59,9.8,0.0,-21.62,23.34,95.28,81.59,92.64,68.55,0.16
2024-10-18 13:20:37.679801,291,95.41,62.83,7.82,0.0,-8.95,48.93,100.0,94.93,94.39,68.82,28.15
2024-10-19 07:15:36.169733,292,94.79,17.59,2.46,0.0,2.33,28.76,73.3,95.29,92.41,83.94,28.86
2024-10-19 14:51:56.544037,292,61.56,16.54,5.29,0.0,2.25,21.86,52.94,90.17,96.39,62.01,0.95
2024-10-19 16:36:54.751935,292,37.93,9.35,7.46,0.0,32.21,53.17,44.61,81.09,95.98,51.05,15.25
2024-10-19 20:14:22.823205,292,98.94,62.73,3.23,0.0,35.33,86.36,71.01,85.58,89.93,63.51,47.28
2024-10-20 12:32:15.560562,293,88.72,72.62,6.77,0.0,4.43,39.32,69.84,87.41,94.85,44.2,29.51
2024-10-21 02:26:16.355702,294,38.73,25.18,7.0,0.0,39.59,66.01,37.35,87.71,93.47,41.4,27.71
2024-10-21 02:36:31.600181,294,94.46,1.99,2.46,0.0,-19.03,55.96,50.19,86.62,95.99,61.41,27.51
2024-10-21 11:18:02.172822,294,90.89,7.81,6.09,0.0,-12.56,37.69,80.94,81.93,91.54,68.97,32.16
2024-10-22 00:51:33.506769,295,66.32,91.95,7.94,0.0,38.04,62.28,47.44,89.51,91.45,54.17,31.21
2024-10-22 21:21:42.855954,295,71.39,28.07,5.49,0.0,-3.21,38.72,91.08,89.4,91.21,63.81,22.35
2024-10-23 02:54:54.908447,296,57.93,73.08,1.11,0.0,43.96,30.11,47.54,86.09,94.35,67.84,22.18
2024-10-23 08:23:02.785288,296,33.83,59.34,1.08,0.0,9.72,62.52,60.3,82.99,89.34,68.48,21.32
2024-10-24 05:19:01.355139,297,53.46,36.28,4.21,0.0,28.72,34.33,53.3,96.59,88.99,54.67,5.39
2024-10-24 19:11:00.723465,297,86.2,19.54,9.34,0.0,8.15,82.55,58.0,87.99,90.76,50.34,44.13
2024-10-26 10:13:46.605939,299,30.32,11.53,3.06,0.0,0.2,30.9,53.01,93.34,89.31,63.21,12.04
2024-10-26 12:12:23.261209,299,53.34,58.43,6.71,0.0,1.76,60.23,70.94,88.05,92.62,56.26,20.0
2024-10-26 21:48:05.277075,299,57.87,73.59,3.0,0.0,26.46,56.55,92.62,82.61,88.03,71.73,39.84
2024-10-27 02:51:07.274202,300,67.62,61.17,3.9,0.0,9.32,37.32,100.0,86.47,90.2,74.0,28.67
2024-10-27 11:13:49.043299,300,94.39,50.38,8.63,0.0,39.84,33.41,90.41,85.23,95.14,76.56,16.02
2024-10-27 12:58:44.685810,300,54.24,3.99,7.56,0.0,-8.46,54.17,55.06,93.66,91.09,42.75,22.36
2024-10-27 15:57:28.379974,300,54.29,92.01,1.86,0.0,-18.27,66.38,68.57,92.04,94.48,75.99,31.09
2024-10-27 16:13:22.137479,300,81.63,75.88,4.86,0.0,5.57,76.47,72.5,85.76,88.13,60.84,47.31
2024-10-28 01:01:33.576225,301,61.66,27.82,1.26,0.0,19.13,48.02,46.67,96.86,89.47,60.85,33.92
2024-10-28 05:22:44.643411,301,45.72,93.1,5.33,0.0,42.19,76.78,69.09,85.83,93.95,68.45,59.51
2024-10-28 12:59:37.188751,301,61.67,57.18,6.96,0.0,-0.23,61.09,53.26,96.17,94.62,56.15,18.02
2024-10-28 20:03:46.128434,301,39.86,55.33,2.07,0.0,24.99,66.96,31.27,97.12,90.6,48.53,27.18
2024-10-28 21:08:26.848706,301,42.35,71.07,3.6,0.0,-2.07,48.58,43.04,84.74,96.53,55.03,21.17
2024-10-29 10:07:24.960193,302,64.89,77.12,4.58,0.0,20.98,59.3,46.17,86.36,96.04,65.16,27.32
2024-10-29 10:40:21.359208,302,59.32,62.37,9.28,0.0,44.45,74.81,52.71,87.44,95.38,43.7,43.22
2024-10-29 20:20:20.360317,302,94.04,12.17,9.94,0.0,-12.72,42.46,62.13,90.56,91.26,47.59,23.01
2024-10-30 18:39:48.927490,303,55.37,32.14,1.4,0.0,6.01,67.77,32.12,90.22,88.94,49.96,17.34
2024-10-30 21:34:29.580986,303,70.64,88.17,7.85,0.0,50.57,63.36,42.74,94.78,91.71,37.79,23.93
2024-10-31 16:40:00.612557,304,74.26,21.34,4.35,0.0,35.48,37.71,79.91,92.24,93.03,67.51,17.56
2024-11-01 12:08:00.079978,305,30.92,35.36,4.53,0.0,9.47,27.68,82.2,84.83,88.2,72.5,0.0
2024-11-01 20:20:04.266530,305,76.45,41.05,7.79,0.0,9.68,45.9,62.51,82.58,94.81,49.33,32.84
2024-11-01 21:20:16.976872,305,42.46,41.74,9.27,0.0,-6.67,47.14,29.95,91.03,87.13,41.94,9.25
2024-11-02 11:59:00.056797,306,97.27,58.23,9.56,0.0,15.45,66.55,37.94,83.02,91.77,30.57,42.74
2024-11-02 13:24:01.518451,306,40.41,89.59,6.19,0.0,33.38,38.46,94.66,92.88,89.58,73.73,13.18
2024-11-02 20:22:32.701201,306,59.02,22.87,4.21,0.0,28.42,69.44,50.83,86.27,93.92,50.11,20.45
2024-11-03 01:42:48.677685,307,35.97,11.54,8.09,0.0,-2.44,66.07,41.81,85.83,90.06,47.8,46.33
2024-11-03 04:13:24.595950,307,99.78,18.76,3.26,0.0,-18.07,28.48,60.21,82.05,95.2,60.05,10.39
2024-11-03 13:41:21.494450,307,65.15,84.26,6.08,0.0,-4.56,77.2,69.96,91.84,92.88,62.33,49.04
2024-11-04 13:35:54.529003,308,71.68,61.35,4.23,0.0,-10.52,80.15,56.1,83.39,94.86,64.91,41.3
2024-11-04 18:13:54.772319,308,34.7,27.16,6.91,0.0,-19.63,51.39,28.6,92.75,96.81,45.11,26.41
2024-11-05 12:42:00.712039,309,82.5,77.51,3.16,0.0,6.95,65.24,36.17,89.27,93.7,49.24,32.25
2024-11-05 13:16:36.696979,309,44.69,81.83,2.72,0.0,-15.0,73.14,35.45,93.75,96.76,50.08,30.56
2024-11-05 21:50:38.950339,309,92.86,80.42,9.26,0.0,-14.98,56.05,89.63,89.43,87.2,58.67,44.93
2024-11-06 06:26:16.117210,310,44.36,87.3,1.92,0.0,11.48,45.88,86.42,83.37,90.28,84.4,31.92
2024-11-06 15:09:05.641360,310,43.35,23.96,5.55,0.0,-12.78,67.53,56.6,92.89,87.98,50.89,16.66
2024-11-06 16:08:33.544366,310,32.56,71.73,2.99,0.0,-23.52,52.04,63.13,82.97,89.52,73.14,24.99
2024-11-06 18:32:39.519454,310,63.04,43.75,1.35,0.0,-3.63,47.58,37.13,89.43,95.29,57.6,34.13
2024-11-06 22:25:37.637130,310,69.54,79.99,1.32,0.0,-15.33,34.89,81.39,84.84,87.22,80.58,17.07
2024-11-07 01:10:53.349432,311,34.6,69.21,2.58,0.0,14.3,68.1,55.39,93.28,92.09,50.74,36.78
2024-11-07 21:32:34.370548,311,84.29,73.76,8.8,0.0,-26.83,21.59,66.33,94.43,92.56,57.31,6.69
2024-11-07 23:12:13.707694,311,61.73,62.34,3.54,0.0,35.23,86.16,73.42,89.81,91.74,73.39,50.77
2024-11-08 11:13:35.941236,312,66.71,16.86,9.55,0.0,40.41,46.42,52.71,88.04,90.61,33.53,22.02
2024-11-08 15:50:33.719559,312,60.85,51.78,6.23,0.0,25.01,32.3,61.61,92.72,94.54,72.13,8.77
2024-11-08 18:32:33.347533,312,58.05,93.54,4.93,0.0,11.93,49.27,72.79,81.59,88.22,58.95,23.63
2024-11-08 21:23:18.272226,312,69.17,89.05,6.22,0.0,33.36,29.4,86.47,94.78,89.32,76.15,34.04
2024-11-09 06:25:09.624008,313,40.87,4.1,5.65,0.0,27.81,64.75,60.85,84.24,92.64,59.6,26.4
2024-11-09 21:42:30.885072,313,42.73,15.66,7.83,0.0,-24.32,67.86,23.42,95.69,93.78,29.86,11.37
2024-11-10 06:12:40.061098,314,90.32,12.51,3.54,0.0,5.57,77.0,77.94,92.82,90.9,77.55,48.08
2024-11-10 07:02:38.331061,314,96.23,68.97,4.18,0.0,33.6,38.54,85.88,93.01,94.93,81.24,13.87
2024-11-10 19:33:46.672971,314,56.13,77.69,9.05,0.0,-6.82,27.82,71.91,90.52,91.01,64.9,22.04
2024-11-10 21:07:53.634473,314,48.95,20.28,9.52,0.0,-23.42,70.92,80.66,87.66,90.89,57.43,38.94
2024-11-11 10:06:07.741094,315,75.08,48.06,9.03,0.0,34.79,81.28,71.67,88.95,86.47,54.25,38.41
2024-11-11 12:04:21.393186,315,58.61,79.87,4.78,0.0,33.69,49.05,44.4,81.96,91.68,43.69,30.42
2024-11-12 04:29:55.889869,316,31.78,69.62,8.02,0.0,-17.16,49.05,72.9,90.23,93.93,69.91,19.59
2024-11-12 05:29:54.725754,316,40.93,51.51,5.29,0.0,10.81,33.96,38.83,90.81,87.98,51.89,8.11
2024-11-12 14:13:59.982012,316,80.12,56.08,5.48,0.0,-9.91,65.92,31.11,94.74,89.89,49.66,18.19
2024-11-12 21:24:33.604875,316,76.12,48.29,2.84,0.0,29.28,63.42,58.06,89.36,94.19,63.49,39.01
2024-11-13 23:26:11.676044,317,31.9,28.27,6.32,0.0,-10.82,39.82,91.91,82.36,90.49,69.9,26.61
2024-11-14 10:03:01.735445,318,45.54,53.68,2.68,0.0,-7.12,33.21,43.99,86.51,89.24,60.8,8.03
2024-11-14 11:58:22.912775,318,46.18,65.44,3.98,0.0,42.29,84.88,58.4,90.97,92.43,64.91,28.6
2024-11-14 15:20:30.069163,318,77.03,82.97,8.7,0.0,2.27,25.06,62.16,84.31,88.79,61.18,0.0
2024-11-14 21:29:10.690965,318,31.38,60.45,2.86,0.0,21.45,49.02,72.87,86.09,95.7,64.07,25.41
2024-11-15 01:26:29.507762,319,37.29,72.31,1.64,0.0,2.84,53.44,55.81,94.43,87.87,69.03,30.08
2024-11-15 07:31:06.567517,319,85.99,15.21,1.62,0.0,-10.38,31.67,96.33,90.89,93.88,77.05,11.41
2024-11-15 18:44:00.730272,319,42.5,43.85,9.47,0.0,15.14,30.74,52.95,88.18,91.81,48.7,3.3
2024-11-15 21:51:11.441321,319,75.69,0.89,5.56,0.0,-13.83,69.4,72.96,86.11,95.51,62.76,24.67
2024-11-16 04:08:22.310774,320,46.67,23.43,4.68,0.0,4.57,75.51,75.24,92.47,88.06,68.96,49.38
2024-11-16 15:58:23.127686,320,36.96,69.01,8.3,0.0,-9.39,65.98,58.11,85.1,93.58,61.2,38.84
2024-11-17 12:36:22.412130,321,47.02,94.22,8.52,0.0,30.45,77.03,46.08,91.62,91.99,35.66,32.34
2024-11-17 19:23:03.313837,321,80.56,9.42,3.99,0.0,46.17,66.45,93.71,82.05,90.28,77.78,44.46
2024-11-17 21:12:45.168312,321,89.9,38.14,7.24,0.0,53.39,74.5,34.96,93.1,90.03,49.25,35.68
2024-11-18 01:00:37.637722,322,88.12,76.01,7.94,0.0,4.63,48.42,91.24,88.33,94.0,67.68,32.5
2024-11-18 10:36:47.615376,322,57.8,19.38,6.89,0.0,-7.8,67.12,82.36,87.62,96.16,65.83,31.93
2024-11-19 14:46:39.031876,323,76.77,52.73,2.36,0.0,11.29,74.23,24.62,91.11,87.68,38.32,31.24
2024-11-20 06:22:04.056056,324,44.35,69.64,8.88,0.0,34.49,41.83,60.1,89.71,86.23,49.32,7.76
2024-11-20 15:38:49.471371,324,50.52,58.52,5.85,0.0,-14.84,38.49,47.15,83.22,94.82,41.57,0.0
2024-11-21 05:44:24.135209,325,92.74,17.86,3.54,0.0,45.93,59.66,77.58,92.41,86.54,62.89,41.77
2024-11-21 10:21:09.750529,325,30.91,33.76,4.83,0.0,-6.99,31.78,74.89,85.57,96.62,69.84,21.71
2024-11-21 10:23:51.601950,325,35.99,74.46,1.34,0.0,43.84,28.75,59.96,95.14,91.75,69.19,14.89
2024-11-22 02:07:09.421799,326,44.55,52.65,2.15,0.0,41.05,73.31,44.84,93.75,92.2,49.4,28.47
2024-11-22 09:17:56.708047,326,31.86,0.5,7.89,0.0,40.41,80.79,29.6,85.55,87.71,29.82,31.27
2024-11-22 14:35:12.986519,326,42.7,72.29,1.0,0.0,-5.71,45.88,51.62,94.31,89.14,73.09,21.83
2024-11-22 16:59:20.652628,326,70.81,3.35,4.75,0.0,-34.25,22.89,61.32,86.79,93.33,62.18,0.0
2024-11-23 03:48:14.710257,327,59.5,70.84,5.7,0.0,-4.64,32.25,100.0,82.76,95.83,83.21,8.52
2024-11-23 08:55:43.264784,327,92.49,19.24,1.49,0.0,-1.16,65.31,28.59,96.51,96.55,49.08,28.93
2024-11-23 21:46:05.058809,327,87.22,91.02,9.76,0.0,-27.44,47.1,94.36,90.22,88.71,64.45,27.53
2024-11-23 22:21:17.423850,327,53.93,34.95,3.04,0.0,8.27,40.86,74.71,88.62,88.07,76.78,14.2
2024-11-24 04:19:55.190592,328,48.16,31.06,3.74,0.0,1.96,47.98,53.63,87.6,87.28,49.33,16.01
2024-11-24 16:49:57.448586,328,56.58,14.14,3.74,0.0,18.58,42.28,82.02,86.5,95.4,66.99,29.78
2024-11-25 12:15:56.184419,329,71.32,29.03,3.07,0.0,19.56,56.54,67.9,96.47,89.66,69.09,24.04
2024-11-25 15:50:49.139492,329,48.76,83.28,1.01,0.0,-16.03,63.9,49.27,84.19,86.73,55.57,41.65
2024-11-26 00:14:22.964517,330,73.69,94.65,7.56,0.0,49.26,63.62,41.82,84.84,87.47,53.73,23.54
2024-11-26 04:38:17.905578,330,58.66,34.99,9.7,0.0,-12.71,60.49,49.85,87.7,90.1,43.73,41.72
2024-11-27 02:55:23.207038,331,68.64,42.62,3.02,0.0,4.0,40.14,56.54,88.92,96.6,47.78,15.43
2024-11-28 08:08:59.764926,332,60.53,68.6,6.97,0.0,11.91,64.53,28.1,88.02,91.92,34.21,11.7
2024-11-28 23:56:44.286060,332,50.61,84.19,7.68,0.0,37.04,64.19,44.86,83.08,87.87,38.34,20.63
2024-11-29 02:33:32.013252,333,96.39,56.34,8.64,0.0,-26.63,22.33,62.03,82.78,90.02,55.7,0.0
2024-11-29 04:45:28.253778,333,83.45,37.19,4.8,0.0,5.16,54.03,53.6,85.2,89.97,69.58,28.39
2024-11-29 04:59:49.213124,333,39.81,39.2,3.73,0.0,17.36,35.26,39.17,95.31,86.87,66.61,18.98
2024-11-29 08:51:55.536225,333,90.79,66.08,3.93,0.0,-9.14,63.78,42.97,83.25,88.02,52.86,42.71
2024-11-29 21:13:11.414821,333,64.12,0.31,7.41,0.0,19.31,47.26,48.61,92.21,93.62,49.68,30.48
2024-11-29 23:59:43.143946,333,92.62,58.86,8.35,0.0,49.83,91.06,84.02,91.28,86.38,58.84,56.42
2024-11-30 05:15:37.429527,334,85.99,33.77,2.63,1.0,44.91,31.36,52.67,100.0,92.72,71.12,0.0
2024-11-30 06:42:10.224586,334,59.76,75.45,4.34,1.0,-24.04,62.76,64.83,100.0,95.17,67.67,44.16
2024-11-30 13:28:13.509372,334,31.57,8.83,9.12,1.0,-9.07,58.08,25.88,92.45,99.24,27.2,18.03
2024-11-30 13:30:17.768846,334,48.81,55.88,8.26,1.0,-1.97,67.77,78.77,92.04,97.48,58.69,37.06
2024-11-30 16:28:18.053642,334,67.91,45.69,9.86,1.0,-0.38,35.8,44.77,95.34,98.55,45.8,6.57
2024-12-01 20:14:34.578768,335,74.34,61.02,7.79,0.0,-10.71,56.66,97.52,84.74,92.32,80.18,34.42
2024-12-02 06:25:49.759962,336,48.05,6.16,4.54,0.0,-10.16,65.7,56.03,92.42,93.48,55.42,35.38
2024-12-03 02:21:30.414318,337,39.75,55.1,6.32,0.0,43.15,36.29,34.32,90.04,85.5,47.42,1.97
2024-12-03 13:44:21.308408,337,88.45,53.34,6.95,0.0,40.19,44.71,99.15,93.58,94.93,71.5,30.19
2024-12-03 15:19:15.292892,337,98.91,53.26,1.71,0.0,-25.63,48.78,75.64,83.2,87.74,79.17,17.9
2024-12-03 21:30:51.275930,337,66.8,57.33,5.9,0.0,-2.61,51.24,53.78,94.85,90.69,47.87,20.99
2024-12-03 22:51:28.993100,337,42.02,64.26,7.38,0.0,-0.2,36.99,80.2,85.23,94.34,71.7,13.31
2024-12-03 23:13:54.308925,337,49.06,76.47,2.51,0.0,-13.3,43.73,91.35,89.16,90.98,77.67,20.45
2024-12-04 05:18:18.290465,338,31.29,25.63,8.03,0.0,17.64,40.11,58.93,87.27,96.09,62.3,7.83
2024-12-04 17:43:11.479508,338,94.0,78.38,6.25,0.0,24.49,69.26,50.73,92.45,91.07,50.34,26.19
2024-12-05 22:52:27.773261,339,38.24,47.33,9.57,0.0,39.86,67.36,68.31,86.23,94.37,71.88,54.46
2024-12-06 22:10:11.476687,340,70.36,7.32,1.38,0.0,33.26,78.14,64.52,95.91,94.05,80.04,51.81
2024-12-08 01:02:52.505722,342,49.18,5.56,3.39,0.0,19.11,82.76,65.04,95.12,96.39,62.68,57.1
2024-12-08 15:00:22.569330,342,68.79,31.75,6.41,0.0,21.98,55.09,77.81,94.06,95.75,58.33,40.53
2024-12-09 16:29:57.396739,343,75.6,74.57,3.67,0.0,-13.28,25.35,64.21,82.59,95.55,62.59,6.95
2024-12-09 19:56:41.525307,343,88.08,67.23,7.43,0.0,12.02,32.25,100.0,93.58,93.89,73.66,29.18
2024-12-10 02:33:42.531681,344,44.45,74.92,7.83,0.0,6.69,34.13,39.04,92.41,90.23,47.39,4.38
2024-12-10 18:45:41.799260,344,30.77,49.14,1.92,0.0,-14.14,67.95,28.67,83.42,87.62,48.19,35.0
2024-12-10 21:06:45.610293,344,39.58,41.82,5.62,0.0,-10.32,46.39,58.69,82.73,93.45,51.9,23.36
2024-12-11 00:56:12.783448,345,93.0,14.01,5.58,0.0,-9.4,40.19,86.37,82.64,96.34,70.18,18.27
2024-12-12 15:20:15.062125,346,91.17,31.18,4.32,0.0,42.73,51.13,45.93,81.01,92.67,48.24,16.8
2024-12-12 17:48:48.404629,346,71.82,41.23,9.4,0.0,-10.39,56.05,83.06,88.58,95.83,53.09,32.02
2024-12-13 07:59:45.674229,347,72.04,8.42,8.45,0.0,-5.03,62.67,54.84,95.14,94.57,41.14,19.74
2024-12-13 12:17:25.879220,347,76.55,20.96,7.27,0.0,-4.6,35.92,75.01,87.35,88.16,64.66,15.93
2024-12-13 12:22:37.281038,347,42.28,56.83,7.43,0.0,28.82,84.43,66.72,88.73,88.58,50.71,42.56
2024-12-13 14:30:01.986520,347,94.01,69.89,5.16,0.0,-20.0,49.12,64.37,95.71,89.95,63.23,22.11
2024-12-13 17:13:28.944564,347,59.31,94.84,9.29,0.0,41.94,34.33,46.9,83.69,87.12,50.17,7.1
2024-12-13 19:02:51.656220,347,56.82,88.65,7.25,0.0,43.97,75.59,30.1,93.08,91.15,40.03,35.33
2024-12-13 19:41:52.018318,347,66.32,61.04,7.56,0.0,11.07,34.89,100.0,88.91,96.28,75.79,17.92
2024-12-14 02:58:15.659773,348,33.29,40.02,8.76,0.0,28.82,73.81,22.19,88.89,93.69,41.13,35.58
2024-12-14 03:43:02.766465,348,41.64,60.44,3.47,0.0,-22.71,73.24,35.36,86.67,90.75,52.36,38.15
2024-12-15 03:03:44.388478,349,81.66,74.64,8.26,0.0,-0.48,66.68,60.46,88.98,86.56,46.08,44.21
2024-12-15 05:53:00.628848,349,35.8,11.24,2.76,0.0,36.9,69.89,45.46,82.4,88.8,53.45,28.03
2024-12-16 00:20:34.992491,350,72.22,38.94,4.11,0.0,-25.75,32.72,44.1,92.85,91.77,45.72,19.72
2024-12-16 11:26:04.760732,350,47.17,79.78,4.02,0.0,-2.12,76.42,43.69,85.67,89.74,56.63,46.19
2024-12-17 12:03:46.023999,351,57.25,36.46,9.81,1.0,17.18,53.62,53.11,100.0,92.6,54.43,25.63
2024-12-17 15:07:30.863808,351,50.21,54.33,8.71,1.0,-6.7,69.91,80.14,93.97,95.92,71.19,47.75
2024-12-18 11:23:06.327923,352,54.9,55.84,7.31,0.0,49.81,81.66,28.14,82.12,87.52,39.8,29.14
2024-12-18 20:41:04.235021,352,80.33,17.53,7.54,0.0,-13.81,74.05,46.61,91.11,95.57,45.22,47.45
2024-12-18 21:30:00.399838,352,50.8,34.41,6.06,0.0,37.79,71.15,41.63,83.06,86.61,62.0,40.21
2024-12-19 05:01:44.529703,353,69.65,31.78,9.52,0.0,8.27,38.11,62.19,91.58,86.96,62.27,32.13
2024-12-19 05:06:01.330068,353,63.32,2.49,5.47,0.0,35.63,83.63,56.94,95.29,85.74,65.84,64.68
2024-12-19 08:51:11.936238,353,76.46,2.3,4.42,0.0,-3.61,56.62,44.26,92.98,89.75,55.26,22.31
2024-12-19 15:03:21.316575,353,95.58,79.01,2.47,0.0,16.33,79.03,44.05,82.02,93.07,58.81,41.87
2024-12-19 19:31:31.863938,353,81.28,25.94,8.08,0.0,40.66,70.25,78.24,89.09,92.74,57.99,33.17
2024-12-20 19:45:53.734019,354,45.05,49.22,7.61,0.0,5.04,38.81,66.34,91.08,90.99,46.78,14.72
2024-12-21 00:20:49.239303,355,32.18,28.38,4.46,0.0,-2.78,41.14,54.57,93.65,93.29,60.84,7.27
2024-12-21 06:13:14.454679,355,48.36,89.36,1.23,0.0,13.5,52.71,36.98,82.75,90.05,50.17,21.93
2024-12-21 15:55:59.239965,355,71.66,24.63,8.55,0.0,30.87,72.68,39.51,87.48,92.58,39.55,27.08
2024-12-22 22:24:46.867603,356,33.6,40.82,1.1,0.0,3.3,38.47,33.28,89.96,86.85,48.4,13.44
2024-12-22 22:27:57.428014,356,64.75,82.91,7.33,0.0,46.07,57.75,37.06,82.59,89.04,47.16,16.78
2024-12-23 01:05:12.524260,357,71.78,79.98,9.73,0.0,-8.26,43.12,73.95,85.03,94.34,67.34,21.12
2024-12-23 08:40:15.962882,357,53.4,17.68,4.94,0.0,11.83,72.13,73.17,87.76,94.46,62.51,33.2
2024-12-23 13:37:52.453800,357,83.96,76.25,3.11,0.0,30.15,51.81,56.81,93.86,93.08,60.42,15.75
2024-12-23 21:49:16.512865,357,37.46,43.53,7.34,0.0,20.05,30.48,59.97,94.62,88.47,42.34,10.0
2024-12-24 03:42:16.099552,358,35.26,45.88,8.35,0.0,35.08,33.46,42.53,89.59,88.14,46.02,0.0
2024-12-24 03:44:03.230983,358,80.97,12.68,5.92,0.0,44.48,35.39,79.69,86.29,95.16,73.03,3.27
2024-12-24 21:58:48.407438,358,64.68,7.66,9.7,0.0,4.14,48.88,35.31,84.01,87.45,47.2,9.55
2024-12-25 09:42:08.386682,359,78.19,69.15,1.47,0.0,-25.83,28.58,100.0,96.57,88.22,90.73,15.7
2024-12-25 15:35:49.749529,359,60.44,47.16,5.54,0.0,-32.2,26.58,85.87,95.76,87.71,82.04,7.64
2024-12-25 19:26:40.852106,359,47.25,41.5,7.47,0.0,33.44,85.42,75.21,94.26,89.01,48.69,52.65
2024-12-25 20:48:45.315899,359,87.34,69.3,8.76,0.0,44.39,81.57,82.12,91.58,87.29,55.26,47.28
2024-12-26 20:23:53.961006,360,85.96,72.72,2.61,0.0,-12.92,48.2,71.8,86.48,91.38,78.42,18.48
2024-12-27 11:25:11.749802,361,78.63,15.1,8.2,0.0,-11.49,75.77,56.28,92.73,91.15,47.56,37.04
2024-12-28 08:00:08.542842,362,49.05,57.97,5.97,0.0,-31.02,12.79,56.55,87.04,95.4,56.26,6.52
2024-12-28 14:51:00.885886,362,71.32,12.86,4.57,0.0,37.18,65.52,61.55,85.73,85.87,61.48,48.35
2024-12-29 02:54:35.153882,363,55.27,71.38,2.19,0.0,-3.69,59.19,82.34,92.83,89.57,68.2,49.38
2024-12-29 05:06:05.348167,363,36.41,62.41,8.79,0.0,1.63,46.14,26.97,81.53,92.34,40.88,10.45
2024-12-30 01:45:41.779813,364,94.21,90.88,2.42,0.0,8.98,53.9,98.34,82.33,92.41,82.77,39.51
2024-12-30 07:48:26.293159,364,39.58,6.55,3.79,0.0,36.62,51.44,48.13,87.7,90.33,56.64,10.04
2024-12-30 09:52:07.408506,364,96.52,5.42,3.61,0.0,21.05,57.21,100.0,88.05,94.46,75.76,50.08
2024-12-30 19:54:29.609005,364,61.22,26.81,8.84,0.0,21.97,70.82,84.17,93.75,86.89,67.32,47.83
